msg_id,ticker,direction,dt_utc,entry_signal,entry_fill,sl,risk,entry_bar_ts,fill_gap_R,bars_held,nights,mfe_R,mae_R,r_tp1,out_tp1,r_scaleout,out_scaleout,r_hold,out_hold
20,ETHUSD,SELL,2022-08-18T14:58:01+00:00,1861.0,1853.8,1918.0,64.2,2022-08-18 15:00:00+00:00,0.112,21,1,2.688,-0.363,0.3146,TP1,0.9377,TP3,2.2305,TP3
87,ETHUSD,SELL,2022-08-31T16:39:14+00:00,1566.0,1542.7,1733.0,190.3,2022-08-31 17:00:00+00:00,0.122,212,9,0.285,-1.054,-1.0284,SL,-1.0284,SL,-1.0284,SL
89,GBPJPY,SELL,2022-09-01T13:07:55+00:00,161.12,161.1755,162.122,0.9465,2022-09-01 14:00:00+00:00,-0.059,16,1,0.11,-1.068,-1.047,SL,-1.047,SL,-1.047,SL
112,GBPJPY,SELL,2022-09-08T15:46:11+00:00,165.51,165.4035,166.023,0.6195,2022-09-08 16:00:00+00:00,0.172,9,1,0.253,-1.037,-1.0718,SL,-1.0718,SL,-1.0718,SL
147,GBPJPY,SELL,2022-09-13T16:27:58+00:00,166.277,166.2715,167.138,0.8665,2022-09-13 17:00:00+00:00,0.006,50,2,2.059,-0.265,0.8009,TP1,1.3589,TP2,1.9169,TP2
225,AUDJPY,SELL,2022-10-04T13:44:11+00:00,93.832,93.651,97.334,3.683,2022-10-04 14:00:00+00:00,0.049,1080,13,0.764,-0.567,0.6886,TP1,0.3002,BE,0.1045,TIMEOUT
252,ETHUSD,SELL,2022-10-11T14:53:17+00:00,1284.13,1275.3,1342.53,67.23,2022-10-11 15:00:00+00:00,0.131,296,2,1.272,-1.379,0.4632,TP1,0.1966,BE,-1.0848,SL
291,ETHUSD,SELL,2022-10-19T15:00:02+00:00,1293.5,1297.9,1309.33,11.43,2022-10-19 16:00:00+00:00,-0.385,45,1,4.068,-0.884,0.895,TP1,0.2463,BE,2.4024,TP2
294,GBPJPY,BUY,2022-10-20T13:31:10+00:00,168.953,168.6095,167.16,1.4495,2022-10-20 14:00:00+00:00,-0.237,25,1,0.766,-1.208,-1.0059,SL,-1.0059,SL,-1.0059,SL
302,ETHUSD,SELL,2022-10-21T13:08:56+00:00,1275.1,1279.0,1297.4,18.4,2022-10-21 14:00:00+00:00,-0.212,3,0,0.293,-1.141,-1.2446,SL,-1.2446,SL,-1.2446,SL
309,AUDJPY,SELL,2022-10-24T13:24:55+00:00,93.724,93.934,96.94,3.006,2022-10-24 14:00:00+00:00,-0.07,977,57,1.97,-0.54,0.4325,TP1,0.8026,TP3,1.497,TP3
313,XAUUSD,SELL,2022-10-24T14:27:58+00:00,1647.35,1647.707,1653.473,5.766,2022-10-24 15:00:00+00:00,-0.062,9,1,0.369,-1.075,-1.1214,SL,-1.1214,SL,-1.1214,SL
322,BTCUSD,SELL,2022-10-25T12:11:04+00:00,19284.0,19247.5,19380.0,132.5,2022-10-25 13:00:00+00:00,0.275,1,0,0.0,-1.794,-1.3396,SL,-1.3396,SL,-1.3396,SL
326,EURUSD,BUY,2022-10-25T15:36:44+00:00,0.99231,0.99583,0.96137,0.03446,2022-10-25 16:00:00+00:00,0.102,1080,63,2.258,-0.663,0.965,TP1,1.416,TIMEOUT,1.8671,TIMEOUT
336,BTCUSD,BUY,2022-10-27T13:38:07+00:00,20600.0,20535.2,18228.0,2307.2,2022-10-27 14:00:00+00:00,-0.028,293,12,0.381,-1.467,-1.1027,SL,-1.1027,SL,-1.1027,SL
346,GBPUSD,SELL,2022-10-31T17:11:46+00:00,1.14911,1.14671,1.15756,0.01084,2022-10-31 18:00:00+00:00,0.221,63,1,1.995,-0.911,0.2462,TP1,0.1219,BE,1.7289,TP2
351,AUDJPY,SELL,2022-11-02T14:41:42+00:00,94.158,94.13,97.089,2.959,2022-11-02 15:00:00+00:00,0.009,815,48,2.119,-0.361,0.4076,TP1,1.0586,TP2,1.7097,TP2
407,EURJPY,SELL,2022-11-15T15:47:27+00:00,144.55,144.343,145.699,1.356,2022-11-15 16:00:00+00:00,0.153,105,1,0.734,-1.005,0.5516,TP1,0.2659,BE,-1.0907,SL
464,XAUUSD,SELL,2022-11-25T14:42:24+00:00,1750.26,1751.337,1763.96,12.623,2022-11-25 15:00:00+00:00,-0.085,65,5,0.95,-1.047,-1.2139,SL,-1.2139,SL,-1.2139,SL
474,EURUSD,SELL,2022-11-27T22:31:30+00:00,1.038,1.03758,1.04338,0.0058,2022-11-27 23:00:00+00:00,0.073,10,1,0.599,-1.114,-0.0138,TP1,-0.0108,BE,-1.0078,SL
481,USDCHF,SELL,2022-11-28T13:10:46+00:00,0.94341,0.94285,0.94909,0.00624,2022-11-28 14:00:00+00:00,0.09,5,0,0.0,-1.03,-1.0112,SL,-1.0112,SL,-1.0112,SL
526,BTCUSD,SELL,2022-12-04T11:28:28+00:00,16970.0,16867.6,17120.0,252.4,2022-12-04 12:00:00+00:00,0.406,12,0,0.0,-1.182,-1.1783,SL,-1.1783,SL,-1.1783,SL
540,XAUUSD,BUY,2022-12-05T17:11:47+00:00,1770.9,1769.908,1765.2,4.708,2022-12-05 18:00:00+00:00,-0.211,43,1,3.719,-0.83,1.4851,TP1,0.6151,BE,3.2268,TP2
552,GER30,SELL,2022-12-07T13:54:12+00:00,14299.0,14294.079,14495.0,200.921,2022-12-07 14:00:00+00:00,0.024,92,6,0.509,-1.753,-0.9886,SL,-0.9886,SL,-0.9886,SL
559,GBPJPY,SELL,2022-12-09T10:28:17+00:00,166.745,166.7085,167.533,0.8245,2022-12-09 11:00:00+00:00,0.044,5,0,0.688,-1.625,-1.0224,SL,-1.0224,SL,-1.0224,SL
562,USDJPY,SELL,2022-12-09T16:49:34+00:00,136.354,136.4,137.609,1.209,2022-12-09 17:00:00+00:00,-0.038,24,3,0.054,-1.026,-1.043,SL,-1.043,SL,-1.043,SL
564,ETHUSD,SELL,2022-12-10T15:33:18+00:00,1276.86,1271.4,1281.06,9.66,2022-12-10 16:00:00+00:00,0.565,2,0,0.725,-0.963,-0.6925,TP1,-0.5792,BE,-0.0673,TP3
569,BTCUSD,SELL,2022-12-11T20:05:57+00:00,17180.0,17025.6,17258.0,232.4,2022-12-11 21:00:00+00:00,0.664,4,0,0.537,-0.346,-0.4535,TP1,-0.3236,BE,0.0671,TP2
588,USDJPY,SELL,2022-12-14T09:05:03+00:00,135.417,135.201,135.626,0.425,2022-12-14 10:00:00+00:00,0.508,1,0,1.628,-0.038,-0.0165,TP1,0.3024,TP2,0.6212,TP2
604,USDCHF,BUY,2022-12-16T15:08:59+00:00,0.93025,0.9323,0.92178,0.01052,2022-12-16 16:00:00+00:00,0.195,215,13,0.227,-1.071,-0.9696,SL,-0.9696,SL,-0.9696,SL
609,XAUUSD,SELL,2022-12-19T13:30:30+00:00,1792.73,1791.098,1824.24,33.142,2022-12-19 14:00:00+00:00,0.049,117,8,0.221,-1.271,-1.1267,SL,-1.1267,SL,-1.1267,SL
637,BTCUSD,SELL,2022-12-21T18:44:29+00:00,16800.0,16711.1,16880.0,168.9,2022-12-21 19:00:00+00:00,0.526,43,0,1.078,-1.088,-0.2007,TP1,-0.2336,BE,-1.302,SL
644,EURUSD,SELL,2022-12-22T17:15:59+00:00,1.05919,1.05837,1.06627,0.00791,2022-12-22 18:00:00+00:00,0.104,61,5,0.135,-1.029,-1.0006,SL,-1.0006,SL,-1.0006,SL
665,BTCUSD,SELL,2022-12-27T15:45:10+00:00,16820.0,16716.6,16980.0,263.4,2022-12-27 16:00:00+00:00,0.393,30,0,1.084,-0.177,-0.2407,TP1,-0.2058,BE,0.8071,TP3
672,XAUUSD,SELL,2022-12-28T15:02:07+00:00,1805.2,1797.867,1810.906,13.039,2022-12-28 16:00:00+00:00,0.562,17,0,0.074,-1.073,-0.1022,TP1,-0.0588,BE,-1.0537,SL
686,AUDJPY,SELL,2022-12-30T10:34:00+00:00,89.688,89.602,89.99,0.388,2022-12-30 11:00:00+00:00,0.222,39,4,4.082,-0.343,1.0619,TP1,1.6791,TP2,2.2964,TP2
696,ETHUSD,BUY,2023-01-02T23:06:13+00:00,1215.0,1216.1,1210.0,6.1,2023-01-03 00:00:00+00:00,0.18,2,0,0.0,-1.164,-1.7377,SL,-1.7377,SL,-1.7377,SL
711,BTCUSD,SELL,2023-01-04T15:32:52+00:00,16821.0,16772.1,16869.0,96.9,2023-01-04 16:00:00+00:00,0.505,2,0,0.0,-1.246,-1.4644,SL,-1.4644,SL,-1.4644,SL
730,BTCUSD,SELL,2023-01-16T12:55:19+00:00,20810.0,20711.7,21305.0,593.3,2023-01-16 13:00:00+00:00,0.166,7,0,0.196,-1.102,-1.0758,SL,-1.0758,SL,-1.0758,SL
734,BTCUSD,SELL,2023-01-16T17:20:58+00:00,21042.0,21021.2,21080.0,58.8,2023-01-16 18:00:00+00:00,0.354,1,0,0.0,-3.94,-1.7653,SL,-1.7653,SL,-1.7653,SL
779,USDCHF,BUY,2023-01-23T15:08:58+00:00,0.9229,0.92267,0.90975,0.01292,2023-01-23 16:00:00+00:00,-0.018,172,9,0.474,-1.106,-0.9845,SL,-0.9845,SL,-0.9845,SL
802,GBPJPY,SELL,2023-01-27T15:34:41+00:00,160.78,160.6065,161.343,0.7365,2023-01-27 16:00:00+00:00,0.236,10,3,0.119,-1.053,-1.131,SL,-1.131,SL,-1.131,SL
823,USDCHF,BUY,2023-02-02T12:06:50+00:00,0.90876,0.90871,0.90624,0.00247,2023-02-02 13:00:00+00:00,-0.02,20,1,3.267,-0.283,1.1822,TP1,2.0709,TP2,2.9595,TP2
832,BTCUSD,SELL,2023-02-03T14:49:24+00:00,23575.0,23443.4,23680.0,236.6,2023-02-03 15:00:00+00:00,0.556,46,0,1.906,-0.991,-0.1758,TP1,-0.183,BE,1.0245,TP3
844,AUDJPY,SELL,2023-02-07T13:28:20+00:00,91.3,91.119,92.3,1.181,2023-02-07 14:00:00+00:00,0.153,98,3,0.757,-1.123,0.5876,TP1,0.2578,BE,-1.1329,SL
851,XAUUSD,BUY,2023-02-09T16:19:06+00:00,1873.7,1874.205,1863.253,10.952,2023-02-09 17:00:00+00:00,0.046,1,0,0.068,-1.034,-1.0183,SL,-1.0183,SL,-1.0183,SL
858,AUDJPY,SELL,2023-02-13T12:44:17+00:00,92.02,91.956,92.472,0.516,2023-02-13 13:00:00+00:00,0.124,4,0,0.004,-1.027,-1.0252,SL,-1.0252,SL,-1.0252,SL
860,EURUSD,BUY,2023-02-13T14:25:22+00:00,1.06836,1.07057,1.066,0.00457,2023-02-13 15:00:00+00:00,0.484,19,1,1.334,-0.084,-0.0306,TP1,0.3694,TP3,1.0885,TP3
865,BTCUSD,BUY,2023-02-14T12:54:55+00:00,21845.0,21877.3,21585.0,292.3,2023-02-14 13:00:00+00:00,0.111,1,0,0.0,-1.203,-1.154,SL,-1.154,SL,-1.154,SL
866,BTCUSD,BUY,2023-02-14T13:44:18+00:00,21640.0,21742.1,21320.0,422.1,2023-02-14 14:00:00+00:00,0.242,23,1,2.663,-0.462,0.1585,TP1,0.7069,TP3,1.651,TP3
868,USDCHF,BUY,2023-02-14T14:26:58+00:00,0.9201,0.91897,0.91176,0.00721,2023-02-14 15:00:00+00:00,-0.157,452,24,3.466,-1.279,2.5326,TP1,1.3114,BE,-0.8974,SL
879,XAUUSD,BUY,2023-02-17T13:43:10+00:00,1827.1,1827.705,1812.9,14.805,2023-02-17 14:00:00+00:00,0.041,113,5,1.331,-1.095,0.8913,TP1,0.27,BE,-1.4863,SL
892,BTCUSD,SELL,2023-02-22T13:05:02+00:00,24165.0,24037.7,24310.0,272.3,2023-02-22 14:00:00+00:00,0.467,2,0,1.574,-0.174,-0.0966,TP1,0.2532,TP3,1.0382,TP3
904,XAUUSD,BUY,2023-02-24T10:07:56+00:00,1821.0,1822.365,1813.0,9.365,2023-02-24 11:00:00+00:00,0.146,3,0,0.063,-1.16,-1.0214,SL,-1.0214,SL,-1.0214,SL
931,GER30,SELL,2023-03-03T15:04:47+00:00,15541.0,15558.099,15656.0,97.901,2023-03-03 16:00:00+00:00,-0.175,21,3,0.075,-1.234,-0.9918,SL,-0.9918,SL,-0.9918,SL
937,GBPJPY,SELL,2023-03-06T14:49:36+00:00,163.247,163.2925,163.579,0.2865,2023-03-06 15:00:00+00:00,-0.159,2,0,0.445,-1.712,-1.0646,SL,-1.0646,SL,-1.0646,SL
947,ETHUSD,SELL,2023-03-08T14:10:02+00:00,1549.0,1541.0,1567.0,26.0,2023-03-08 15:00:00+00:00,0.308,28,1,1.569,-0.823,0.0577,TP1,-0.0596,BE,0.8231,TP2
977,BTCUSD,SELL,2023-03-15T11:50:22+00:00,24545.0,24760.0,24787.0,27.0,2023-03-15 12:00:00+00:00,-7.963,1,0,10.2,-17.526,-2.6667,SL,-2.6667,SL,-2.6667,SL
983,BTCUSD,SELL,2023-03-15T13:07:55+00:00,24856.0,24788.3,25334.0,545.7,2023-03-15 14:00:00+00:00,0.124,36,1,1.645,-1.742,0.8307,TP1,0.7293,BE,-1.0935,SL
1001,USDCHF,BUY,2023-03-22T13:15:19+00:00,0.92329,0.9242,0.91968,0.00452,2023-03-22 14:00:00+00:00,0.201,5,0,0.075,-2.106,-1.0155,SL,-1.0155,SL,-1.0155,SL
1006,XAUUSD,SELL,2023-03-23T13:15:39+00:00,1975.0,1983.794,1985.0,1.206,2023-03-23 14:00:00+00:00,-7.292,2,0,5.132,-2.621,-1.1658,SL,-1.1658,SL,-1.1658,SL
1026,US500,SELL,2023-03-28T15:32:45+00:00,3974.0,3975.102,3988.0,12.898,2023-03-28 16:00:00+00:00,-0.085,12,1,1.853,-1.204,-0.9872,SL,-0.9872,SL,-0.9872,SL
1035,XAUUSD,BUY,2023-03-30T15:37:30+00:00,1969.0,1974.825,1963.8,11.025,2023-03-30 16:00:00+00:00,0.528,1,0,0.85,-0.018,-0.1383,TP1,0.1905,TP3,0.7687,TP3
1041,BTCUSD,SELL,2023-03-31T14:39:24+00:00,28500.0,28436.4,28842.0,405.6,2023-03-31 15:00:00+00:00,0.157,79,0,3.072,-0.801,0.2747,TP1,0.0819,BE,2.6686,TP3
1044,BTCUSD,SELL,2023-04-02T15:14:03+00:00,28300.0,28058.9,28600.0,541.1,2023-04-02 16:00:00+00:00,0.446,30,0,1.605,-0.758,0.1643,TP1,0.0406,BE,1.2214,TP2
1054,EURJPY,SELL,2023-04-04T13:13:51+00:00,144.989,144.671,145.644,0.973,2023-04-04 14:00:00+00:00,0.327,25,1,2.037,-0.011,0.3248,TP1,0.8864,TP3,1.9178,TP3
1056,USDCHF,BUY,2023-04-04T13:54:41+00:00,0.91339,0.9121,0.9079,0.0042,2023-04-04 14:00:00+00:00,-0.307,1,0,0.0,-1.214,-1.0167,SL,-1.0167,SL,-1.0167,SL
1069,BTCUSD,SELL,2023-04-06T14:54:11+00:00,27870.0,27877.2,28158.0,280.8,2023-04-06 15:00:00+00:00,-0.026,77,3,0.443,-1.253,-1.1923,SL,-1.1923,SL,-1.1923,SL
1084,XAUUSD,BUY,2023-04-11T14:55:10+00:00,2000.1,2002.508,1996.78,5.728,2023-04-11 15:00:00+00:00,0.42,10,0,2.18,-0.28,0.5922,TP1,0.2786,BE,1.809,TP2
1098,XAUUSD,SELL,2023-04-12T16:17:16+00:00,2007.46,2007.535,2013.43,5.895,2023-04-12 17:00:00+00:00,-0.013,2,0,0.193,-1.58,-1.0339,SL,-1.0339,SL,-1.0339,SL
1103,BTCUSD,SELL,2023-04-13T15:43:05+00:00,30385.0,30388.3,30528.0,139.7,2023-04-13 16:00:00+00:00,-0.024,3,0,0.916,-1.074,-1.3221,SL,-1.3221,SL,-1.3221,SL
1172,XAUUSD,SELL,2023-04-24T16:28:03+00:00,1983.35,1986.308,1988.02,1.712,2023-04-24 17:00:00+00:00,-1.728,1,0,0.0,-2.582,-1.1168,SL,-1.1168,SL,-1.1168,SL
1179,AUDJPY,SELL,2023-04-25T13:20:21+00:00,90.2,88.776,91.089,2.313,2023-04-25 14:00:00+00:00,0.616,95,2,0.393,-1.007,0.3273,TP1,0.1505,BE,-1.0679,SL
1181,XAUUSD,SELL,2023-04-25T14:07:12+00:00,1991.8,1985.525,1995.08,9.555,2023-04-25 15:00:00+00:00,0.657,3,0,0.017,-1.478,-0.2172,TP1,-0.119,BE,-1.0209,SL
1188,XAUUSD,SELL,2023-04-26T13:57:49+00:00,1996.78,2002.744,2002.37,0.374,2023-04-26 14:00:00+00:00,-15.947,1,0,14.385,-3.479,0.4652,SL,0.4652,SL,0.4652,SL
1191,US30,SELL,2023-04-26T14:39:00+00:00,33583.0,33423.199,33653.0,229.801,2023-04-26 15:00:00+00:00,0.695,3,0,0.348,-0.632,-0.2169,TP1,-0.1108,BE,0.2226,TP2
1228,GBPUSD,BUY,2023-05-02T15:58:15+00:00,1.246,1.24737,1.23789,0.00948,2023-05-02 16:00:00+00:00,0.144,355,10,2.172,-1.07,1.0206,TP1,0.9854,BE,-1.2728,SL
1253,ETHUSD,SELL,2023-05-08T17:20:07+00:00,1861.2,1825.7,1875.9,50.2,2023-05-08 18:00:00+00:00,0.707,1,0,0.315,-0.124,-0.3488,TP1,-0.0841,TP2,0.1807,TP2
1266,XAUUSD,SELL,2023-05-10T14:18:00+00:00,2038.4,2028.824,2068.04,39.216,2023-05-10 15:00:00+00:00,0.244,823,50,3.466,-0.316,0.5769,TP1,1.31,TP3,2.7699,TP3
1268,US30,SELL,2023-05-10T15:39:17+00:00,33498.0,33457.209,33684.0,226.791,2023-05-10 16:00:00+00:00,0.18,230,2,3.047,-0.891,1.0501,TP1,0.5272,BE,2.955,TP2
1290,AUDJPY,SELL,2023-05-16T14:54:21+00:00,91.0,90.915,91.334,0.419,2023-05-16 15:00:00+00:00,0.203,23,1,0.611,-1.291,-1.0883,SL,-1.0883,SL,-1.0883,SL
1337,USDCHF,BUY,2023-05-23T12:56:35+00:00,0.9013,0.90291,0.89175,0.01116,2023-05-23 13:00:00+00:00,0.144,412,7,1.057,-1.085,0.4686,TP1,0.2406,BE,-0.9444,SL
1358,BTCUSD,SELL,2023-05-25T14:37:39+00:00,26350.0,26283.3,26555.0,271.7,2023-05-25 15:00:00+00:00,0.245,5,0,0.561,-1.115,0.3544,TP1,0.0944,BE,-1.1656,SL
1364,EURUSD,SELL,2023-05-26T14:26:01+00:00,1.07318,1.07046,1.0764,0.00594,2023-05-26 15:00:00+00:00,0.457,74,4,1.17,-0.705,0.2409,TP1,0.1192,BE,1.1188,TP2
1377,ETHUSD,BUY,2023-05-30T13:02:24+00:00,1913.7,1908.5,1863.14,45.36,2023-05-30 14:00:00+00:00,-0.115,16,1,0.093,-1.109,-1.1168,SL,-1.1168,SL,-1.1168,SL
1399,EURUSD,BUY,2023-06-01T14:07:41+00:00,1.0707,1.0732,1.06146,0.01174,2023-06-01 15:00:00+00:00,0.213,340,20,2.195,-0.555,0.3695,TP1,0.8848,TP3,2.0272,TP3
1404,ETHUSD,BUY,2023-06-02T15:41:01+00:00,1884.0,1894.7,1800.0,94.7,2023-06-02 16:00:00+00:00,0.113,73,3,0.184,-1.234,-1.0729,SL,-1.0729,SL,-1.0729,SL
1424,US30,SELL,2023-06-07T15:23:21+00:00,33598.0,33588.657,33651.0,62.343,2023-06-07 16:00:00+00:00,0.15,1,0,0.079,-1.257,-1.0168,SL,-1.0168,SL,-1.0168,SL
1428,AUDJPY,SELL,2023-06-08T13:48:46+00:00,93.329,93.198,93.536,0.338,2023-06-08 14:00:00+00:00,0.388,17,0,0.63,-1.444,0.4349,TP1,0.1982,BE,-1.1095,SL
1445,AUDJPY,SELL,2023-06-12T17:30:30+00:00,94.246,94.247,94.347,0.1,2023-06-12 18:00:00+00:00,-0.01,9,0,2.75,-0.65,0.92,TP1,0.395,BE,2.27,TP2
1457,GER30,SELL,2023-06-13T15:08:37+00:00,16196.0,16218.499,16217.0,1.499,2023-06-13 16:00:00+00:00,-15.009,1,0,5.884,-11.207,0.533,SL,0.533,SL,0.533,SL
1460,GER30,BUY,2023-06-13T15:36:30+00:00,16205.0,16219.899,16185.0,34.899,2023-06-13 16:00:00+00:00,0.427,15,0,1.601,-0.712,0.5559,TP1,0.2679,BE,1.2723,TP2
1496,EURUSD,SELL,2023-06-20T14:46:31+00:00,1.09144,1.09008,1.09366,0.00358,2023-06-20 15:00:00+00:00,0.381,24,1,0.152,-1.762,-1.0126,SL,-1.0126,SL,-1.0126,SL
1501,USDCHF,SELL,2023-06-21T15:36:21+00:00,0.8967,0.89498,0.90081,0.00583,2023-06-21 16:00:00+00:00,0.295,40,1,0.753,-1.081,0.6518,TP1,0.3105,BE,-1.0497,SL
1506,XAUUSD,SELL,2023-06-21T16:13:35+00:00,1930.0,1932.985,1935.0,2.015,2023-06-21 17:00:00+00:00,-1.481,1,0,0.03,-1.336,-1.0993,SL,-1.0993,SL,-1.0993,SL
1516,GER30,BUY,2023-06-22T15:33:36+00:00,15968.0,15998.847,15816.0,182.847,2023-06-22 16:00:00+00:00,0.169,15,1,0.024,-1.061,-1.0312,SL,-1.0312,SL,-1.0312,SL
1532,AUDJPY,BUY,2023-07-04T14:35:05+00:00,96.589,96.733,95.782,0.951,2023-07-04 15:00:00+00:00,0.151,38,2,0.101,-1.193,-0.9947,SL,-0.9947,SL,-0.9947,SL
1572,XAUUSD,BUY,2023-07-11T15:05:37+00:00,1933.0,1931.2,1907.0,24.2,2023-07-11 16:00:00+00:00,-0.074,549,23,2.322,-1.045,0.8926,TP1,0.5021,BE,-2.4132,SL
1605,EURUSD,SELL,2023-07-18T12:48:15+00:00,1.125,1.12391,1.12916,0.00525,2023-07-18 13:00:00+00:00,0.208,51,1,2.037,-0.128,0.5956,TP1,0.2935,BE,1.9334,TP2
1627,US500,SELL,2023-07-21T15:55:58+00:00,4548.0,4549.866,4561.0,11.134,2023-07-21 16:00:00+00:00,-0.168,25,3,1.68,-1.016,-0.9493,SL,-0.9493,SL,-0.9493,SL
1648,XAUUSD,SELL,2023-07-26T14:21:29+00:00,1970.0,1968.655,1995.0,26.345,2023-07-26 15:00:00+00:00,0.051,1080,65,4.422,-0.51,1.0611,TP1,1.7138,TIMEOUT,3.0837,TIMEOUT
1654,US30,SELL,2023-07-27T15:30:53+00:00,35590.0,35549.199,35748.0,198.801,2023-07-27 16:00:00+00:00,0.205,113,1,2.208,-0.659,0.3378,TP1,0.4306,BE,2.1738,TP3
1658,US30,SELL,2023-07-28T17:07:43+00:00,35525.0,35425.449,35629.0,203.551,2023-07-28 18:00:00+00:00,0.489,42,4,0.266,-1.124,-0.9855,SL,-0.9855,SL,-0.9855,SL
1675,ETHUSD,SELL,2023-08-02T13:41:38+00:00,1857.0,1844.0,1890.0,46.0,2023-08-02 14:00:00+00:00,0.283,361,1,1.552,-0.62,0.1848,TP1,0.0424,BE,1.2826,TP2
1677,GBPJPY,SELL,2023-08-02T14:06:53+00:00,182.376,181.8385,184.596,2.7575,2023-08-02 15:00:00+00:00,0.195,198,12,0.516,-1.066,-1.1199,SL,-1.1199,SL,-1.1199,SL
1713,US500,SELL,2023-08-09T14:46:18+00:00,4502.0,4484.177,4550.0,65.823,2023-08-09 15:00:00+00:00,0.271,142,0,1.636,-0.641,0.2604,TP1,0.1299,BE,1.5457,TP2
1725,US500,SELL,2023-08-10T15:49:22+00:00,4510.0,4486.032,4537.0,50.968,2023-08-10 16:00:00+00:00,0.47,21,1,0.852,-0.075,-0.0785,TP1,0.3158,TP2,0.7102,TP2
1760,GBPUSD,BUY,2023-08-17T13:05:04+00:00,1.27525,1.27631,1.25772,0.01859,2023-08-17 14:00:00+00:00,0.057,133,8,0.199,-1.049,-1.0552,SL,-1.0552,SL,-1.0552,SL
1765,US30,BUY,2023-08-18T14:49:39+00:00,34380.0,34453.769,34284.0,169.769,2023-08-18 15:00:00+00:00,0.435,24,3,1.098,-1.211,0.596,TP1,0.1977,BE,-1.2006,SL
1772,XAUUSD,BUY,2023-08-21T14:01:13+00:00,1895.31,1886.945,1881.15,5.795,2023-08-21 15:00:00+00:00,-1.443,159,9,10.138,-0.197,2.7446,TP1,4.8607,TP3,8.2908,TP3
1782,ETHUSD,BUY,2023-08-23T13:22:28+00:00,1643.0,1650.2,1600.0,50.2,2023-08-23 14:00:00+00:00,0.143,220,1,1.831,-1.014,0.7231,TP1,0.3088,BE,-1.2331,SL
1833,AUDJPY,BUY,2023-08-31T14:06:13+00:00,94.554,94.309,93.923,0.386,2023-08-31 15:00:00+00:00,-0.635,16,1,0.29,-1.181,-1.0104,SL,-1.0104,SL,-1.0104,SL
1839,GBPUSD,BUY,2023-09-01T13:34:24+00:00,1.2701,1.26723,1.25141,0.01582,2023-09-01 14:00:00+00:00,-0.182,73,5,0.0,-1.206,-1.042,SL,-1.042,SL,-1.042,SL
1844,AUDJPY,BUY,2023-09-04T12:37:47+00:00,94.75,94.625,92.902,1.723,2023-09-04 13:00:00+00:00,-0.073,1080,29,1.672,-0.934,1.1828,TP1,0.6634,BE,1.9153,TIMEOUT
1864,US500,BUY,2023-09-08T14:36:16+00:00,4458.0,4461.127,4437.0,24.127,2023-09-08 15:00:00+00:00,0.13,94,4,1.943,-0.685,0.4989,TP1,0.1161,BE,1.502,TP2
1876,US30,SELL,2023-09-12T13:57:16+00:00,34625.0,34600.199,34793.0,192.801,2023-09-12 14:00:00+00:00,0.129,4,0,0.213,-1.341,-1.0054,SL,-1.0054,SL,-1.0054,SL
1886,US30,SELL,2023-09-13T13:41:04+00:00,34645.0,34727.179,34975.0,247.821,2023-09-13 14:00:00+00:00,-0.332,29,1,0.904,-1.023,-1.0002,SL,-1.0002,SL,-1.0002,SL
1888,AUDJPY,BUY,2023-09-13T14:52:59+00:00,94.621,94.731,93.381,1.35,2023-09-13 15:00:00+00:00,0.081,336,8,1.621,-1.27,0.5296,TP1,0.2867,BE,-0.8763,SL
1891,XAUUSD,SELL,2023-09-14T15:05:12+00:00,1903.1,1907.695,1912.1,4.405,2023-09-14 16:00:00+00:00,-1.043,9,1,0.0,-1.739,-1.1589,SL,-1.1589,SL,-1.1589,SL
1924,EURJPY,SELL,2023-09-21T13:44:14+00:00,157.425,157.323,159.032,1.709,2023-09-21 14:00:00+00:00,0.06,524,15,1.744,-1.073,0.8303,TP1,0.3417,BE,-1.306,SL
1965,EURJPY,SELL,2023-10-02T14:26:12+00:00,157.72,157.251,158.624,1.373,2023-10-02 15:00:00+00:00,0.342,24,1,2.119,-0.156,0.3336,TP1,0.8471,TP2,1.3605,TP2
1996,EURUSD,BUY,2023-10-10T16:43:20+00:00,1.06069,1.06176,1.04585,0.01591,2023-10-10 17:00:00+00:00,0.067,688,41,2.028,-0.768,0.6658,TP1,1.238,TP2,1.8101,TP2
2015,EURJPY,SELL,2023-10-13T13:35:01+00:00,157.593,157.487,158.336,0.849,2023-10-13 14:00:00+00:00,0.125,49,4,0.638,-1.08,-1.0883,SL,-1.0883,SL,-1.0883,SL
2030,EURJPY,SELL,2023-10-16T16:27:06+00:00,157.778,157.756,158.194,0.438,2023-10-16 17:00:00+00:00,0.05,22,1,1.626,-1.479,-1.0616,SL,-1.0616,SL,-1.0616,SL
2033,EURUSD,BUY,2023-10-17T16:45:24+00:00,1.05792,1.058,1.04489,0.0131,2023-10-17 17:00:00+00:00,0.006,584,35,2.88,-0.483,0.9851,TP1,1.8123,TP2,2.6395,TP2
2065,GBPJPY,SELL,2023-10-24T15:02:06+00:00,182.712,182.3045,184.412,2.1075,2023-10-24 16:00:00+00:00,0.193,191,10,0.733,-1.08,-1.1321,SL,-1.1321,SL,-1.1321,SL
2073,EURJPY,SELL,2023-10-26T15:16:09+00:00,158.473,158.432,159.103,0.671,2023-10-26 16:00:00+00:00,0.061,62,5,1.098,-1.177,-1.1356,SL,-1.1356,SL,-1.1356,SL
2077,EURJPY,SELL,2023-10-27T15:47:57+00:00,158.305,158.44,159.092,0.652,2023-10-27 16:00:00+00:00,-0.207,38,4,1.143,-1.199,-1.115,SL,-1.115,SL,-1.115,SL
2084,US500,SELL,2023-10-30T14:38:34+00:00,4145.0,4140.549,4165.0,24.451,2023-10-30 15:00:00+00:00,0.182,3,0,0.237,-1.107,-1.0014,SL,-1.0014,SL,-1.0014,SL
2093,US500,BUY,2023-10-31T17:10:05+00:00,4179.26,4189.162,4142.82,46.342,2023-10-31 18:00:00+00:00,0.214,42,2,2.184,-0.364,0.6986,TP1,1.3406,TP2,1.9827,TP2
2105,XAUUSD,SELL,2023-11-02T16:13:01+00:00,1981.43,1981.505,1997.01,15.505,2023-11-02 17:00:00+00:00,-0.005,19,1,0.006,-1.449,-1.0451,SL,-1.0451,SL,-1.0451,SL
2113,XAUUSD,BUY,2023-11-03T13:38:48+00:00,1995.0,1995.454,1982.0,13.454,2023-11-03 14:00:00+00:00,0.034,12,3,0.265,-1.012,-1.2378,SL,-1.2378,SL,-1.2378,SL
2115,GER30,SELL,2023-11-03T16:06:27+00:00,15187.0,15191.499,15267.0,75.501,2023-11-03 17:00:00+00:00,-0.06,67,4,1.646,-1.315,1.0768,TP1,0.547,BE,-0.9762,SL
2121,XAUUSD,SELL,2023-11-07T14:57:46+00:00,1961.26,1960.075,2016.38,56.305,2023-11-07 15:00:00+00:00,0.021,302,20,0.507,-1.03,-1.1812,SL,-1.1812,SL,-1.1812,SL
2130,USDCHF,SELL,2023-11-08T16:58:38+00:00,0.89847,0.89791,0.90689,0.00898,2023-11-08 17:00:00+00:00,0.062,622,36,3.625,-0.812,0.7584,TP1,1.537,TP3,3.0646,TP3
2150,ETHUSD,BUY,2023-11-13T15:36:14+00:00,2087.0,2107.8,2020.0,87.8,2023-11-13 16:00:00+00:00,0.237,27,1,0.089,-1.974,-1.0604,SL,-1.0604,SL,-1.0604,SL
2164,XAUUSD,SELL,2023-11-15T14:50:28+00:00,1963.0,1957.185,2006.0,48.815,2023-11-15 15:00:00+00:00,0.119,92,6,0.017,-1.024,-1.0656,SL,-1.0656,SL,-1.0656,SL
2194,ETHUSD,BUY,2023-11-22T18:16:47+00:00,2035.0,2064.5,1989.0,75.5,2023-11-22 19:00:00+00:00,0.391,121,2,0.879,-1.072,0.3364,TP1,0.1278,BE,-1.1126,SL
2254,US500,SELL,2023-12-12T14:35:03+00:00,4619.0,4616.524,4642.0,25.476,2023-12-12 15:00:00+00:00,0.097,6,0,0.075,-1.066,-1.0014,SL,-1.0014,SL,-1.0014,SL
2288,XAUUSD,SELL,2023-12-18T17:11:07+00:00,2022.29,2033.325,2050.0,16.675,2023-12-18 18:00:00+00:00,-0.662,74,3,0.703,-1.292,-1.1019,SL,-1.1019,SL,-1.1019,SL
2294,GBPJPY,SELL,2023-12-19T15:14:20+00:00,183.351,183.1625,185.416,2.2535,2023-12-19 16:00:00+00:00,0.084,344,16,1.966,-1.034,1.3335,TP1,0.5703,BE,-1.262,SL
2304,ETHUSD,BUY,2023-12-22T13:26:10+00:00,2294.0,2310.7,2187.0,123.7,2023-12-22 14:00:00+00:00,0.135,79,4,0.239,-1.068,-1.0622,SL,-1.0622,SL,-1.0622,SL
2328,US30,SELL,2024-01-02T18:25:48+00:00,37775.0,37700.709,37955.0,254.291,2024-01-02 19:00:00+00:00,0.292,249,2,2.247,-0.492,0.6436,TP1,0.3237,BE,2.2952,TP2
2335,USDCHF,BUY,2024-01-04T14:17:50+00:00,0.85136,0.85135,0.84586,0.00549,2024-01-04 15:00:00+00:00,-0.002,25,1,1.146,-1.069,-1.0073,SL,-1.0073,SL,-1.0073,SL
2347,GBPJPY,SELL,2024-01-08T14:54:15+00:00,183.411,183.3955,184.567,1.1715,2024-01-08 15:00:00+00:00,0.013,45,2,0.553,-1.038,-1.0602,SL,-1.0602,SL,-1.0602,SL
2389,GBPUSD,BUY,2024-01-18T16:16:51+00:00,1.26791,1.26866,1.25766,0.011,2024-01-18 17:00:00+00:00,0.068,283,18,0.8,-1.045,-1.2024,SL,-1.2024,SL,-1.2024,SL
2413,GER30,BUY,2024-01-25T13:45:15+00:00,16849.0,16859.999,16730.0,129.999,2024-01-25 14:00:00+00:00,0.085,452,6,4.067,-0.61,0.9331,TP1,0.3485,BE,2.4408,TP2
2426,XAUUSD,BUY,2024-01-31T14:34:12+00:00,2043.0,2051.645,2022.0,29.645,2024-01-31 15:00:00+00:00,0.292,63,1,0.462,-1.021,0.2076,TP1,0.0836,BE,-1.1754,SL
2465,GBPUSD,SELL,2024-02-16T15:03:30+00:00,1.25641,1.25833,1.27177,0.01344,2024-02-16 16:00:00+00:00,-0.143,288,18,0.032,-1.127,-0.9512,SL,-0.9512,SL,-0.9512,SL
2493,EURUSD,BUY,2024-02-29T14:51:04+00:00,1.08467,1.08474,1.07477,0.00997,2024-02-29 15:00:00+00:00,0.008,529,32,1.341,-1.083,-1.2622,SL,-1.2622,SL,-1.2622,SL
2584,GBPUSD,BUY,2024-04-08T16:14:59+00:00,1.26467,1.2649,1.2558,0.0091,2024-04-08 17:00:00+00:00,0.026,47,2,0.658,-1.264,-1.0335,SL,-1.0335,SL,-1.0335,SL
2606,BTCUSD,SELL,2024-04-17T15:13:32+00:00,62010.0,60203.5,65013.0,4809.5,2024-04-17 16:00:00+00:00,0.376,40,2,0.128,-1.026,-1.0106,SL,-1.0106,SL,-1.0106,SL
2638,ETHUSD,BUY,2024-05-01T10:25:47+00:00,2875.0,2896.6,2566.0,330.6,2024-05-01 11:00:00+00:00,0.065,1080,45,3.259,-0.113,2.4195,TP1,2.1086,TIMEOUT,1.7976,TIMEOUT
2656,XAUUSD,BUY,2024-05-06T09:44:28+00:00,2317.0,2321.205,2258.0,63.205,2024-05-06 10:00:00+00:00,0.067,1080,25,2.037,-0.547,0.9745,TP1,0.2879,BE,-0.183,TIMEOUT
2673,GBPUSD,BUY,2024-05-13T15:39:58+00:00,1.25608,1.25605,1.2443,0.01175,2024-05-13 16:00:00+00:00,-0.003,1080,63,3.697,-0.436,1.7633,TP1,2.3516,TIMEOUT,2.94,TIMEOUT
2705,XAUUSD,BUY,2024-05-28T15:57:12+00:00,2354.0,2360.355,2345.0,15.355,2024-05-28 16:00:00+00:00,0.414,16,1,0.114,-1.013,-1.0782,SL,-1.0782,SL,-1.0782,SL
2793,ETHUSD,BUY,2024-07-08T15:48:04+00:00,2967.0,2971.4,2914.0,57.4,2024-07-08 16:00:00+00:00,0.077,49,2,3.085,-0.497,1.6429,TP1,2.1672,TP2,2.6916,TP2
2800,ETHUSD,BUY,2024-07-12T14:46:18+00:00,3093.0,3120.9,2981.0,139.9,2024-07-12 15:00:00+00:00,0.199,107,5,2.816,-0.235,1.1737,TP1,1.9042,TP2,2.6347,TP2
2805,USDCHF,SELL,2024-07-16T16:48:18+00:00,0.89555,0.89504,0.89911,0.00407,2024-07-16 17:00:00+00:00,0.125,21,1,2.818,-0.017,0.9386,TP1,1.7002,TP2,2.4619,TP2
2830,ETHUSD,BUY,2024-07-25T17:34:08+00:00,3162.0,3168.3,3118.0,50.3,2024-07-25 18:00:00+00:00,0.125,1,0,0.01,-1.376,-1.0895,SL,-1.0895,SL,-1.0895,SL
2851,ETHUSD,BUY,2024-08-04T11:04:21+00:00,2906.0,2915.5,2861.0,54.5,2024-08-04 12:00:00+00:00,0.174,3,0,0.127,-1.209,-1.0826,SL,-1.0826,SL,-1.0826,SL
2867,ETHUSD,BUY,2024-08-12T15:13:53+00:00,2632.0,2691.6,2409.0,282.6,2024-08-12 16:00:00+00:00,0.211,367,15,0.446,-1.054,-1.0584,SL,-1.0584,SL,-1.0584,SL
2892,ETHUSD,BUY,2024-08-28T10:32:48+00:00,2468.0,2523.7,2351.0,172.7,2024-08-28 11:00:00+00:00,0.323,159,0,0.407,-1.262,0.1262,TP1,0.0501,BE,-1.0585,SL
2931,ETHUSD,BUY,2024-09-13T16:06:01+00:00,2362.0,2409.5,2322.0,87.5,2024-09-13 17:00:00+00:00,0.543,55,1,0.602,-1.435,0.3771,TP1,0.1583,BE,-1.0697,SL
2936,XAUUSD,SELL,2024-09-18T14:50:19+00:00,2573.0,2571.375,2581.0,9.625,2024-09-18 15:00:00+00:00,0.169,4,0,0.498,-2.974,-1.0208,SL,-1.0208,SL,-1.0208,SL
2952,XAUUSD,SELL,2024-09-23T16:07:04+00:00,2629.0,2627.868,2638.0,10.132,2024-09-23 17:00:00+00:00,0.112,11,1,0.413,-1.012,-1.0691,SL,-1.0691,SL,-1.0691,SL
2978,XAUUSD,SELL,2024-10-09T09:36:32+00:00,2617.0,2617.705,2703.0,85.295,2024-10-09 10:00:00+00:00,-0.008,153,9,0.187,-1.043,-1.0551,SL,-1.0551,SL,-1.0551,SL
2980,USDCHF,SELL,2024-10-10T15:08:19+00:00,0.85728,0.85724,0.8628,0.00556,2024-10-10 16:00:00+00:00,0.007,44,4,0.272,-1.023,-1.0917,SL,-1.0917,SL,-1.0917,SL
2995,US30,SELL,2024-10-18T14:07:51+00:00,43209.0,43145.065,43360.0,214.935,2024-10-18 15:00:00+00:00,0.297,41,4,2.005,-0.856,0.2978,TP1,1.0609,TP2,1.8239,TP2
2999,US30,SELL,2024-10-21T15:51:24+00:00,43120.0,42973.213,43374.0,400.787,2024-10-21 16:00:00+00:00,0.366,48,1,1.402,-0.19,0.442,TP1,0.221,BE,1.3702,TP2
3003,XAUUSD,SELL,2024-10-23T14:41:50+00:00,2737.0,2717.435,2761.0,43.565,2024-10-23 15:00:00+00:00,0.449,91,6,0.202,-1.066,-1.0735,SL,-1.0735,SL,-1.0735,SL
3010,XAUUSD,SELL,2024-10-25T15:01:20+00:00,2730.0,2736.765,2737.0,0.235,2024-10-25 16:00:00+00:00,-28.787,1,0,12.511,-10.523,-1.8511,SL,-1.8511,SL,-1.8511,SL
3015,US500,BUY,2024-10-30T14:02:49+00:00,5843.0,5841.756,5823.0,18.756,2024-10-30 15:00:00+00:00,-0.066,3,0,0.503,-1.141,-1.0019,SL,-1.0019,SL,-1.0019,SL
3023,ETHUSD,SELL,2024-11-04T16:01:31+00:00,2444.0,2408.2,2520.0,111.8,2024-11-04 17:00:00+00:00,0.32,34,2,0.467,-1.502,-1.042,SL,-1.042,SL,-1.042,SL
3026,AUDJPY,BUY,2024-11-07T14:34:36+00:00,102.176,102.313,99.058,3.255,2024-11-07 15:00:00+00:00,0.042,315,19,0.027,-1.051,-0.9515,SL,-0.9515,SL,-0.9515,SL
3057,ETHUSD,BUY,2024-11-20T09:53:38+00:00,3121.0,3122.3,2984.0,138.3,2024-11-20 10:00:00+00:00,0.009,127,5,3.058,-0.673,1.3189,TP1,2.1569,TP2,2.9949,TP2
3080,ETHUSD,BUY,2024-12-02T18:38:51+00:00,3620.0,3626.9,3550.0,76.9,2024-12-02 19:00:00+00:00,0.09,19,1,0.554,-1.178,-1.0689,SL,-1.0689,SL,-1.0689,SL
3084,ETHUSD,BUY,2024-12-03T14:57:48+00:00,3574.0,3583.5,3486.0,97.5,2024-12-03 15:00:00+00:00,0.097,37,2,3.292,-0.456,1.5815,TP1,2.3826,TP2,3.1836,TP2
3107,ETHUSD,BUY,2024-12-16T14:39:08+00:00,3920.0,3930.5,3859.0,71.5,2024-12-16 15:00:00+00:00,0.147,4,0,2.443,-0.18,1.035,TP1,1.5524,TP2,2.0699,TP2
3111,US30,SELL,2024-12-18T14:52:29+00:00,43550.0,43583.749,43656.0,72.251,2024-12-18 15:00:00+00:00,-0.467,1,0,0.415,-1.53,-1.0145,SL,-1.0145,SL,-1.0145,SL
3120,ETHUSD,BUY,2024-12-23T17:07:35+00:00,3355.0,3334.6,3216.0,118.6,2024-12-23 18:00:00+00:00,-0.172,360,3,3.44,-1.097,1.7142,TP1,0.828,BE,-1.1459,SL
3129,ETHUSD,BUY,2025-01-03T13:34:03+00:00,3488.0,3480.3,3383.0,97.3,2025-01-03 14:00:00+00:00,-0.079,102,4,2.696,-1.113,2.1562,TP1,1.0385,BE,-1.0791,SL
3134,US500,BUY,2025-01-07T14:36:20+00:00,5997.0,5981.307,5814.0,167.307,2025-01-07 15:00:00+00:00,-0.094,63,3,0.009,-1.013,-1.0289,SL,-1.0289,SL,-1.0289,SL
3163,ETHUSD,BUY,2025-01-28T15:31:42+00:00,3197.0,3182.5,3090.0,92.5,2025-01-28 16:00:00+00:00,-0.157,5,0,0.0,-1.021,-1.0486,SL,-1.0486,SL,-1.0486,SL
3165,XAUUSD,SELL,2025-01-29T15:09:27+00:00,2757.0,2753.825,2791.0,37.175,2025-01-29 16:00:00+00:00,0.085,23,1,0.237,-1.153,-1.0188,SL,-1.0188,SL,-1.0188,SL
3168,ETHUSD,BUY,2025-01-30T13:54:26+00:00,3245.0,3263.9,3090.0,173.9,2025-01-30 14:00:00+00:00,0.109,62,3,0.984,-1.144,-1.0397,SL,-1.0397,SL,-1.0397,SL
3176,ETHUSD,BUY,2025-02-03T10:41:02+00:00,2593.0,2613.9,2465.0,148.9,2025-02-03 11:00:00+00:00,0.14,518,4,2.064,-1.057,0.7428,TP1,0.3455,BE,-1.1484,SL
3180,USDCHF,SELL,2025-02-06T15:55:19+00:00,0.90538,0.90505,0.923,0.01795,2025-02-06 16:00:00+00:00,0.018,1046,62,3.729,-0.585,1.3721,TP1,2.2616,TP2,3.151,TP2
3184,US500,BUY,2025-02-11T15:39:31+00:00,6060.0,6065.158,6035.0,30.158,2025-02-11 16:00:00+00:00,0.171,21,1,0.377,-2.09,-1.0542,SL,-1.0542,SL,-1.0542,SL
3193,USDCHF,SELL,2025-02-20T12:31:23+00:00,0.9027,0.90271,0.91994,0.01723,2025-02-20 13:00:00+00:00,-0.001,809,48,3.749,-0.05,1.3761,TP1,2.3604,TP2,3.3447,TP2
3195,XAUUSD,SELL,2025-02-24T15:49:50+00:00,2938.0,2936.155,2991.0,54.845,2025-02-24 16:00:00+00:00,0.034,311,16,1.891,-1.034,1.5308,TP1,0.6906,BE,-1.1677,SL
3204,EURUSD,BUY,2025-03-04T14:05:43+00:00,1.05438,1.05217,1.03376,0.01841,2025-03-04 15:00:00+00:00,-0.12,650,37,3.842,-0.138,2.0005,TP1,2.7721,TP2,3.5436,TP2
3212,XAUUSD,SELL,2025-03-10T17:02:22+00:00,2898.0,2885.605,2970.0,84.395,2025-03-10 18:00:00+00:00,0.147,66,3,0.067,-1.012,-1.0201,SL,-1.0201,SL,-1.0201,SL
3255,US500,BUY,2025-04-28T15:22:01+00:00,5531.0,5492.048,5501.0,8.952,2025-04-28 16:00:00+00:00,-4.351,1,0,0.192,-1.979,0.9961,SL,0.9961,SL,0.9961,SL
3259,US30,BUY,2025-04-29T16:34:47+00:00,40.0,40361.765,39.0,40322.765,2025-04-29 17:00:00+00:00,1.0,1,0,0.006,-0.001,-1.0,TP1,-1.0,TP2,-1.0,TP2
3305,XAUUSD,SELL,2025-05-28T16:29:51+00:00,3298.0,3293.048,3374.0,80.952,2025-05-28 17:00:00+00:00,0.061,66,5,0.591,-1.024,-1.0334,SL,-1.0334,SL,-1.0334,SL
3319,ETHUSD,BUY,2025-06-09T13:44:48+00:00,2540.0,2520.7,2351.0,169.7,2025-06-09 14:00:00+00:00,-0.114,296,4,2.099,-1.675,2.0283,TP1,0.9915,BE,-1.0831,SL
3337,XAUUSD,SELL,2025-06-23T13:56:03+00:00,3362.0,3379.945,3412.0,32.055,2025-06-23 14:00:00+00:00,-0.56,479,28,4.212,-1.248,2.4098,TP1,0.9834,BE,-1.4586,SL
3348,ETHUSD,BUY,2025-07-02T17:02:23+00:00,2495.0,2570.4,2253.0,317.4,2025-07-02 18:00:00+00:00,0.238,349,15,2.748,-0.308,0.9001,TP1,1.7766,TP2,2.6531,TP2
3363,XAUUSD,BUY,2025-07-18T13:55:52+00:00,3358.0,3355.385,3324.0,31.385,2025-07-18 14:00:00+00:00,-0.083,123,6,2.653,-1.225,1.001,TP1,0.4017,BE,-1.2931,SL
3367,US30,BUY,2025-07-23T15:45:31+00:00,44720.0,44862.853,44226.0,636.853,2025-07-23 16:00:00+00:00,0.224,141,5,0.415,-1.116,0.3032,TP1,0.1076,BE,-1.1398,SL
3374,XAUUSD,SELL,2025-07-31T16:48:46+00:00,3297.0,3294.649,3366.0,71.351,2025-07-31 17:00:00+00:00,0.033,28,3,0.185,-1.043,-1.0238,SL,-1.0238,SL,-1.0238,SL
3383,ETHUSD,BUY,2025-08-06T16:19:34+00:00,3627.0,3647.3,3432.0,215.3,2025-08-06 17:00:00+00:00,0.094,161,7,4.92,-0.048,1.6098,TP1,3.2401,TP2,4.8704,TP2
3390,US30,BUY,2025-08-12T15:12:27+00:00,44319.0,44464.513,43697.0,767.513,2025-08-12 16:00:00+00:00,0.19,500,30,1.922,-0.095,0.8136,TP1,1.1334,TP2,1.4533,TP2
3400,US500,SELL,2025-08-19T17:15:26+00:00,6425.0,6413.07,6493.0,79.93,2025-08-19 18:00:00+00:00,0.149,157,3,0.871,-1.014,0.591,TP1,0.299,BE,-0.9779,SL
3403,US30,SELL,2025-08-21T15:36:42+00:00,44840.0,44738.977,45127.0,388.023,2025-08-21 16:00:00+00:00,0.26,21,1,0.227,-1.123,-1.0001,SL,-1.0001,SL,-1.0001,SL
3411,GBPUSD,BUY,2025-08-27T16:05:07+00:00,1.34581,1.34969,1.33443,0.01526,2025-08-27 17:00:00+00:00,0.254,92,6,0.346,-1.028,-1.0515,SL,-1.0515,SL,-1.0515,SL
3427,ETHUSD,BUY,2025-09-17T14:48:24+00:00,4495.0,4495.4,4415.0,80.4,2025-09-17 15:00:00+00:00,0.005,106,2,1.843,-2.097,1.245,TP1,0.5846,BE,-1.1057,SL
3442,ETHUSD,BUY,2025-09-26T20:09:28+00:00,4040.0,4013.8,3650.0,363.8,2025-09-26 21:00:00+00:00,-0.072,337,14,2.041,-1.357,1.9343,TP1,0.9456,BE,-1.0432,SL
3474,US500,BUY,2025-10-23T14:49:28+00:00,6714.0,6724.383,6646.0,78.383,2025-10-23 15:00:00+00:00,0.132,254,13,2.516,-1.167,1.222,TP1,0.4781,BE,-1.3066,SL
3492,US500,BUY,2025-11-05T15:51:48+00:00,6798.0,6800.083,6732.0,68.083,2025-11-05 16:00:00+00:00,0.031,23,1,0.444,-1.064,-1.024,SL,-1.024,SL,-1.024,SL
3497,US30,BUY,2025-11-11T15:34:58+00:00,47499.0,47534.603,47187.0,347.603,2025-11-11 16:00:00+00:00,0.102,22,1,2.557,-0.061,1.0252,TP1,1.7444,TP2,2.4636,TP2
3510,EURUSD,BUY,2025-11-18T13:58:19+00:00,1.15982,1.1598,1.15351,0.00629,2025-11-18 14:00:00+00:00,-0.002,27,1,0.152,-1.006,-1.0214,SL,-1.0214,SL,-1.0214,SL
3520,GER30,BUY,2025-11-24T15:43:15+00:00,23303.0,23267.499,23031.0,236.499,2025-11-24 16:00:00+00:00,-0.15,566,36,5.361,-0.559,1.7201,TP1,3.0901,TP2,4.4601,TP2
3542,US500,SELL,2025-12-17T14:44:39+00:00,6801.0,6801.319,6832.0,30.681,2025-12-17 15:00:00+00:00,-0.01,47,1,2.737,-1.068,1.2152,TP1,0.6103,BE,-0.9881,SL
3562,US30,BUY,2026-01-02T15:32:03+00:00,47935.0,48104.195,47663.0,441.195,2026-01-02 16:00:00+00:00,0.383,48,4,2.976,-0.092,1.1509,TP1,1.9068,TP2,2.6627,TP2
3638,US500,BUY,2026-03-04T15:14:08+00:00,6838.0,6872.974,6731.0,141.974,2026-03-04 16:00:00+00:00,0.246,45,2,0.14,-1.147,-1.0228,SL,-1.0228,SL,-1.0228,SL
3643,GER30,BUY,2026-03-09T15:02:24+00:00,23266.0,23421.099,22534.0,887.099,2026-03-09 16:00:00+00:00,0.175,200,11,0.772,-1.152,-1.0628,SL,-1.0628,SL,-1.0628,SL
3648,XAUUSD,SELL,2026-03-11T16:38:12+00:00,5174.0,5175.275,5336.0,160.725,2026-03-11 17:00:00+00:00,-0.008,134,8,4.009,-0.1,1.447,TP1,2.6183,TP2,3.7895,TP2
3661,US30,SELL,2026-03-23T16:24:31+00:00,46280.0,46215.713,47036.0,820.287,2026-03-23 17:00:00+00:00,0.078,234,8,1.717,-1.634,0.7335,TP1,0.371,BE,-0.983,SL
3666,US30,BUY,2026-03-25T15:35:37+00:00,46417.0,46423.137,45925.0,498.137,2026-03-25 16:00:00+00:00,0.012,27,1,0.323,-1.039,-1.0242,SL,-1.0242,SL,-1.0242,SL
3680,GBPJPY,BUY,2026-04-07T16:09:48+00:00,211.8,211.8925,208.01,3.8825,2026-04-07 17:00:00+00:00,0.024,733,23,1.21,-0.375,1.2103,TP1,0.6324,BE,0.3554,TIMEOUT
3699,XAUUSD,SELL,2026-04-21T15:58:39+00:00,4741.0,4741.185,4917.0,175.815,2026-04-21 16:00:00+00:00,-0.001,465,16,1.573,-0.183,1.0379,TP1,0.4956,BE,1.3944,TIMEOUT
3703,US30,SELL,2026-04-24T15:10:49+00:00,49171.0,49243.925,49580.0,336.075,2026-04-24 16:00:00+00:00,-0.217,92,6,2.312,-1.061,1.6659,TP1,0.8403,BE,-0.9853,SL
3713,XAUUSD,SELL,2026-05-04T16:00:11+00:00,4570.0,4510.445,4596.0,85.555,2026-05-04 17:00:00+00:00,0.696,30,0,0.009,-1.278,-0.3829,TP1,-0.1926,BE,-1.014,SL
