split_id,train_start,train_end,test_start,test_end,n_train,n_test,n_trades,sharpe,sharpe_per_trade,profit_net,win_rate,dd,total_return_pct,n_signaux,n_filtres,error
1,2024-01-01,2025-11-13,2024-02-15,2025-12-12,4921,3108,360,-0.15860670634259635,-3.0093506653204734,-914.7965200000026,24.166666666666668,-931.1624800000022,-914.7965200000026,1188,784,
2,2024-01-01,2025-12-31,2024-03-01,2025-10-29,4706,3108,324,-0.14096202818687545,-2.5373165073637582,-794.869440000001,24.074074074074073,-807.4938400000003,-794.869440000001,1200,1049,
3,2024-01-01,2025-12-31,2024-01-31,2025-09-14,5224,3108,456,-0.11857379073574933,-2.532043284651162,-975.5172400000039,25.0,-984.9803200000026,-975.5172400000039,1665,1140,
4,2024-01-01,2025-12-31,2024-03-15,2025-11-27,4965,3108,352,-0.06260098501193948,-1.174498586721885,-385.09655999999904,27.84090909090909,-663.1241599999989,-385.09655999999904,1088,1069,
5,2024-01-31,2025-10-29,2024-01-01,2025-12-12,4921,3108,299,-0.09673461438487871,-1.6726978509094712,-550.7064400000042,26.08695652173913,-687.7995600000021,-550.7064400000042,1116,1273,
6,2024-04-16,2025-12-31,2024-01-16,2025-11-13,5224,3108,218,-0.12502796900162347,-1.846015839889317,-472.62772000000086,24.770642201834864,-595.446960000002,-472.62772000000086,825,1183,
7,2024-03-01,2025-11-13,2024-01-16,2025-12-12,5957,3108,240,-0.13711381136788445,-2.124158031851367,-502.7620000000028,24.583333333333332,-516.5302400000028,-502.7620000000028,857,1097,
8,2024-05-16,2025-11-13,2024-01-16,2025-12-12,5180,3108,273,-0.13925863785936365,-2.3009303169882376,-623.4778000000015,26.00732600732601,-650.7577200000019,-623.4778000000015,1104,1284,
9,2024-01-01,2025-10-14,2024-03-01,2025-12-12,5439,3108,243,-0.18327687284702301,-2.857003700610462,-715.4560799999998,23.456790123456788,-806.735320000003,-715.4560799999998,1204,1587,
10,2024-01-01,2025-12-31,2024-02-15,2025-08-29,5742,3108,428,-0.13389019220496753,-2.769941834659419,-1010.5614,24.299065420560748,-1034.937479999999,-1010.5614,1380,970,
11,2024-01-31,2025-10-29,2024-01-01,2025-12-31,5180,3152,313,-0.0831698233538679,-1.471424380908293,-454.7478799999976,26.837060702875398,-554.4926399999972,-454.7478799999976,1004,1411,
12,2024-01-01,2025-09-14,2024-03-01,2025-12-31,5957,3152,301,-0.14063981997300254,-2.4400096818606287,-682.6479199999982,24.916943521594686,-838.6762799999989,-682.6479199999982,1189,1085,
13,2024-01-01,2025-12-31,2024-01-31,2025-10-29,6001,3108,236,-0.04517663577393245,-0.6940166475559002,-188.78155999999768,28.389830508474578,-234.9841199999985,-188.78155999999768,823,1273,
14,2024-01-31,2025-12-31,2024-01-01,2025-10-29,5224,3108,354,-0.22735788388316266,-4.277713058024779,-1283.046559999998,21.1864406779661,-1298.1355999999957,-1283.046559999998,1139,1128,
15,2024-02-15,2025-12-31,2024-01-16,2025-11-13,4447,3108,368,-0.1911226685883349,-3.6663684753423444,-1170.23548,22.01086956521739,-1208.589120000001,-1170.23548,1257,1177,
16,2024-02-15,2025-10-14,2024-01-16,2025-12-31,5439,3152,226,0.007732294249547788,0.11624187113824042,30.79092000000378,30.08849557522124,-327.4987999999988,30.79092000000378,1000,1609,
17,2024-01-31,2025-12-31,2024-01-01,2025-08-14,5742,3108,211,-0.09516501028056057,-1.3823516221781385,-333.75292000000013,26.540284360189574,-333.7529200000002,-333.75292000000013,874,1398,
18,2024-02-15,2025-12-31,2024-01-16,2025-11-27,5224,3108,261,-0.09338399217333511,-1.5086645646047043,-418.92351999999704,27.203065134099617,-641.6064400000017,-418.92351999999704,1062,1035,
19,2024-01-31,2025-12-31,2024-01-01,2025-08-29,4447,3108,315,-0.17466110797224182,-3.0999271493050773,-959.2557600000011,23.174603174603174,-1058.22316,-959.2557600000011,918,1076,
20,2024-01-01,2025-12-31,2024-02-15,2025-11-13,4706,3108,301,-0.11478474857723213,-1.991440958273043,-603.4466400000035,25.581395348837212,-657.2892000000037,-603.4466400000035,1085,1058,
21,2024-01-31,2025-12-31,2024-01-01,2025-10-29,5224,3108,323,-0.14061145731062097,-2.5270973393255662,-797.5196400000024,24.458204334365323,-821.6583600000015,-797.5196400000024,1267,928,
22,2024-01-01,2025-11-27,2024-05-16,2025-12-31,4662,3152,465,-0.20631974636694458,-4.449049847948206,-1680.6956799999991,21.29032258064516,-1772.433039999999,-1680.6956799999991,1611,1105,
23,2024-01-01,2025-12-31,2024-02-15,2025-10-29,6001,3108,355,-0.18268715682133732,-3.4420897765673812,-1049.5048799999977,22.253521126760564,-1062.034719999996,-1049.5048799999977,1192,1023,
24,2024-01-31,2025-07-30,2024-01-01,2025-12-31,4921,3152,300,-0.04649524789963363,-0.8053213167267558,-241.02755999999982,28.000000000000004,-439.35343999999884,-241.02755999999982,1141,1200,
25,2024-02-15,2025-12-31,2024-01-16,2025-09-14,5224,3108,447,-0.13354907583303963,-2.823544576975713,-999.8786800000014,24.832214765100673,-1008.6677600000021,-999.8786800000014,1512,1069,
26,2024-01-01,2025-07-30,2024-01-31,2025-12-12,5180,3108,262,-0.1890716462300762,-3.060391952174686,-790.9214399999967,22.900763358778626,-861.6244399999982,-790.9214399999967,968,1217,
27,2024-01-01,2025-05-30,2024-03-15,2025-12-12,5180,3108,450,-0.25026987584620697,-5.309025790127049,-1802.9763999999973,21.11111111111111,-1864.4350399999994,-1802.9763999999973,1444,781,
28,2024-01-01,2025-10-14,2024-04-01,2025-12-12,5439,3108,216,-0.04602518016415101,-0.6764292403310141,-173.80675999999806,28.240740740740737,-403.73639999999847,-173.80675999999806,785,1162,
29,2024-01-01,2025-11-27,2024-05-16,2025-12-31,4403,3152,337,-0.07130694107022874,-1.3090214313353568,-414.72983999999985,26.409495548961427,-534.1254399999998,-414.72983999999985,1176,1301,
30,2024-01-01,2025-10-29,2024-02-15,2025-12-31,6475,3152,362,-0.10313405176005827,-1.962259160494757,-679.902360000002,26.243093922651934,-847.9676800000001,-679.902360000002,1339,979,
31,2024-01-01,2025-12-31,2024-01-31,2025-08-14,6778,3108,460,-0.11885277785161266,-2.5491080968449733,-957.7275600000023,24.782608695652176,-1101.041480000002,-957.7275600000023,1590,789,
32,2024-01-01,2025-12-31,2024-03-15,2025-09-29,4965,3108,418,-0.22321719762158387,-4.563686386822159,-1564.6652000000013,20.813397129186605,-1564.6652000000006,-1564.6652000000013,1367,847,
33,2024-01-01,2025-12-31,2024-06-14,2025-11-13,6001,3108,354,-0.062309837783915925,-1.172352601894542,-384.47572000000105,27.683615819209038,-565.9463600000008,-384.47572000000105,1171,909,
34,2024-01-01,2025-12-31,2024-04-01,2025-11-27,5224,3108,311,-0.18249883448867538,-3.2184020021439914,-955.5964000000008,22.508038585209004,-965.3296000000005,-955.5964000000008,987,1624,
35,2024-04-01,2025-12-31,2024-01-01,2025-11-13,4706,3108,300,-0.1346822242374903,-2.332764552557177,-701.3895600000006,24.333333333333336,-740.4521600000007,-701.3895600000006,1041,1540,
36,2024-04-01,2025-12-31,2024-01-16,2025-09-14,5224,3108,412,-0.19264194894440756,-3.910204501449648,-1320.7820000000024,22.330097087378643,-1325.8739600000029,-1320.7820000000024,1344,1062,
37,2024-02-15,2025-12-31,2024-01-01,2025-11-27,5224,3108,303,-0.07737035583445098,-1.3467776744773867,-452.21619999999626,26.732673267326735,-821.0817599999983,-452.21619999999626,1105,1344,
38,2024-01-01,2025-09-29,2024-01-31,2025-12-12,5957,3108,293,-0.14783475048371642,-2.530523313668682,-674.8523999999969,25.25597269624573,-873.2918400000007,-674.8523999999969,1174,960,
39,2024-01-01,2025-12-31,2024-02-15,2025-08-14,6001,3108,358,-0.05348403218893348,-1.011965379007059,-348.0205200000001,27.37430167597765,-402.50175999999993,-348.0205200000001,1184,1549,
40,2024-03-01,2025-12-31,2024-01-01,2025-08-14,6260,3108,326,-0.16657408171800855,-3.0075733494404555,-860.1529200000041,23.31288343558282,-873.1129200000044,-860.1529200000041,1177,1188,
41,2024-01-01,2025-12-31,2024-03-15,2025-08-29,5224,3108,457,-0.13855924928480007,-2.962058433252438,-1114.6575999999973,24.288840262582056,-1143.5569599999953,-1114.6575999999973,1543,1047,
42,2024-01-01,2025-12-31,2024-03-01,2025-10-29,5483,3108,342,-0.21388227562390713,-3.95537668452865,-1127.494440000001,21.052631578947366,-1135.3348800000015,-1127.494440000001,1296,1205,
43,2024-05-01,2025-12-31,2024-01-16,2025-10-29,3929,3108,266,-0.12675037479762166,-2.067236052804757,-585.6275599999992,24.81203007518797,-719.7316400000002,-585.6275599999992,941,1097,
44,2024-01-01,2025-12-31,2024-04-16,2025-11-13,5483,3108,328,-0.04025551785743088,-0.72905843626841,-245.43067999999877,27.743902439024392,-282.8732799999987,-245.43067999999877,1224,1355,
45,2024-04-16,2025-11-27,2024-01-16,2025-12-31,5439,3152,311,-0.225240072315673,-3.9721519413254254,-1165.9929999999997,20.90032154340836,-1353.6690799999992,-1165.9929999999997,1158,927,
46,2024-01-31,2025-12-31,2024-01-01,2025-07-15,6001,3108,315,-0.07197020869836622,-1.2773444899975936,-405.96508000000085,26.34920634920635,-561.2001200000007,-405.96508000000085,1109,1291,
47,2024-01-31,2025-10-29,2024-01-01,2025-12-12,5180,3108,342,-0.18890266375238707,-3.4934226769000647,-1036.906960000001,22.22222222222222,-1081.1825600000009,-1036.906960000001,1020,1213,
48,2024-01-01,2025-11-13,2024-04-01,2025-12-12,5180,3108,410,-0.007275459901976764,-0.14731683502560533,-54.29679999999922,30.0,-135.58252000000144,-54.29679999999922,1338,1067,
49,2024-02-15,2025-11-13,2024-01-16,2025-12-12,5439,3108,266,-0.09708741761092286,-1.5834478618265766,-443.6731200000015,26.31578947368421,-492.4972000000017,-443.6731200000015,1233,871,
50,2024-01-01,2025-12-31,2024-01-31,2025-11-27,5483,3108,295,-0.04433685848612162,-0.7615105521418731,-226.7333999999999,28.135593220338983,-314.1139599999999,-226.7333999999999,918,1423,
51,2024-01-01,2025-12-31,2024-03-15,2025-07-30,6260,3108,249,-0.22031267947321645,-3.47647544323707,-825.9251999999956,22.48995983935743,-946.5171199999958,-825.9251999999956,988,1386,
52,2024-02-15,2025-12-31,2024-01-01,2025-09-29,5742,3108,308,-0.08892451644747118,-1.5606189299852493,-502.7047199999976,27.27272727272727,-502.7047199999972,-502.7047199999976,1096,496,
53,2024-01-01,2025-11-13,2024-10-29,2025-12-12,5698,3108,440,-0.1339610872331897,-2.8099914720132575,-1082.0715599999974,24.31818181818182,-1217.1863599999951,-1082.0715599999974,1428,1057,
54,2024-01-01,2025-12-31,2024-03-01,2025-11-13,4706,3108,370,-0.11543054232753473,-2.220350814117141,-790.7212799999995,24.594594594594597,-848.1279999999985,-790.7212799999995,1262,1188,
55,2024-01-01,2025-12-31,2024-02-15,2025-11-27,5483,3108,294,-0.1337466589731467,-2.293277485003698,-609.7768800000013,24.829931972789115,-609.7768800000014,-609.7768800000013,1018,1284,
56,2024-04-01,2025-12-31,2024-01-16,2025-10-29,5742,3108,338,-0.20382407061963406,-3.7472599451089135,-1133.6954800000028,22.485207100591715,-1177.5077200000028,-1133.6954800000028,1010,662,
57,2024-03-15,2025-12-31,2024-01-01,2025-09-14,5483,3108,395,-0.19984978996262884,-3.9719360174230163,-1363.262560000002,22.025316455696203,-1372.3075600000013,-1363.262560000002,1519,1000,
58,2024-01-01,2025-11-13,2024-03-15,2025-12-12,4403,3108,351,-0.17029821536106093,-3.190536042181934,-989.825559999996,23.36182336182336,-1063.6213199999963,-989.825559999996,1169,1050,
59,2024-01-01,2025-11-27,2024-03-15,2025-12-31,4921,3152,354,-0.1285973640661996,-2.419544966279866,-794.8834399999992,24.858757062146893,-891.0732399999997,-794.8834399999992,1210,1349,
60,2024-04-01,2025-11-13,2024-01-01,2025-12-12,5439,3108,279,-0.19748262834683428,-3.2986102211625297,-856.1560800000018,22.22222222222222,-885.5784000000017,-856.1560800000018,976,1136,
61,2024-01-01,2025-11-13,2024-05-16,2025-12-12,6216,3108,336,-0.1409802375208324,-2.5842104397282717,-752.4262399999961,25.595238095238095,-752.4262399999958,-752.4262399999961,1374,1202,
62,2024-03-01,2025-12-31,2024-01-01,2025-11-27,5483,3108,274,-0.13669749140128534,-2.2627461056381972,-593.7515599999996,24.45255474452555,-693.3088399999997,-593.7515599999996,1120,1120,
63,2024-01-01,2025-11-27,2024-03-01,2025-12-31,4403,3152,347,-0.16226269951611355,-3.0226191834280125,-997.4476799999975,23.34293948126801,-1077.734519999995,-997.4476799999975,1209,904,
64,2024-03-15,2025-09-14,2024-01-16,2025-12-12,5698,3108,298,-0.1953585322582707,-3.37241114420818,-934.4072799999993,22.14765100671141,-986.9077199999994,-934.4072799999993,1173,976,
65,2024-01-31,2025-12-31,2024-01-01,2025-09-29,5742,3108,217,-0.22096622113813055,-3.2550356959397773,-728.6646799999991,21.658986175115206,-741.4763199999992,-728.6646799999991,824,1069,
66,2024-01-01,2025-09-29,2024-05-30,2025-12-12,4662,3108,264,-0.21598880067566475,-3.509402623320724,-976.9153600000009,21.96969696969697,-1007.7594399999992,-976.9153600000009,848,1031,
67,2024-03-01,2025-12-31,2024-01-01,2025-11-27,5224,3108,253,-0.007902425731731891,-0.1256957760178169,-35.260079999996464,29.249011857707508,-258.13835999999986,-35.260079999996464,1069,1440,
68,2024-03-15,2025-12-31,2024-01-01,2025-09-14,5224,3108,372,-0.018321549830470216,-0.3533732559303689,-113.96716000000053,29.03225806451613,-298.7970400000024,-113.96716000000053,1275,853,
69,2024-01-01,2025-10-29,2024-02-15,2025-12-31,4403,3152,267,-0.13546681032556887,-2.2135459197500817,-613.5771600000028,25.842696629213485,-782.6625600000029,-613.5771600000028,938,1342,
70,2024-03-01,2025-12-31,2024-01-01,2025-11-27,5742,3108,394,-0.16961009558148846,-3.3666642692917406,-1059.4743600000024,23.096446700507613,-1141.5602000000026,-1059.4743600000024,1317,1182,
71,2024-05-16,2025-12-31,2024-01-01,2025-11-27,5483,3108,336,-0.10155463253767288,-1.8615271631092452,-581.8192399999988,25.892857142857146,-682.8420000000004,-581.8192399999988,1337,1104,
72,2024-01-01,2025-10-29,2024-01-31,2025-12-31,4921,3152,264,-0.11756481399399799,-1.9102021278422459,-575.0584000000013,25.757575757575758,-740.8156400000021,-575.0584000000013,821,960,
73,2024-01-01,2025-11-27,2024-04-16,2025-12-31,5698,3152,484,-0.15315073490541756,-3.369316167919186,-1336.2196399999987,23.7603305785124,-1457.252799999997,-1336.2196399999987,1620,1094,
74,2024-04-01,2025-12-31,2024-01-01,2025-11-13,5224,3108,240,-0.10066880307175513,-1.5595543911181668,-434.24240000000066,26.25,-639.4585200000008,-434.24240000000066,879,1779,
75,2024-01-01,2025-11-27,2024-04-16,2025-12-31,5439,3152,367,-0.09392608557907559,-1.7993649451015417,-567.1122000000003,25.885558583106267,-711.2476800000011,-567.1122000000003,1274,1176,
76,2024-01-01,2025-12-31,2024-03-01,2025-11-13,5483,3108,376,-0.058724768264225055,-1.1387155049837019,-383.4718000000009,27.393617021276594,-463.4908400000019,-383.4718000000009,1135,1401,
77,2024-01-01,2025-11-13,2024-07-30,2025-12-31,7511,3152,258,-0.14591786379677035,-2.343787944237556,-662.7381199999995,24.031007751937985,-840.3617200000007,-662.7381199999995,1032,1109,
78,2024-05-16,2025-08-29,2024-01-16,2025-12-12,5180,3108,345,-0.17084120781853138,-3.1732345973263065,-920.4686400000004,24.057971014492754,-958.4919200000003,-920.4686400000004,1243,1206,
79,2024-01-01,2025-10-14,2024-01-31,2025-12-31,5698,3152,293,-0.06442646190772532,-1.102803389198021,-326.0008799999981,26.96245733788396,-501.83339999999896,-326.0008799999981,972,1443,
80,2024-01-01,2025-11-13,2024-03-01,2025-12-12,5439,3108,396,-0.17503668700852673,-3.483186092124952,-1120.8489999999952,23.484848484848484,-1120.8489999999958,-1120.8489999999952,1387,835,
81,2024-01-01,2025-10-14,2024-02-15,2025-12-12,4662,3108,343,-0.0828603796524683,-1.5345957067057943,-517.0477600000014,27.113702623906704,-933.9973600000022,-517.0477600000014,1162,948,
82,2024-04-01,2025-12-31,2024-01-16,2025-11-13,4188,3108,286,-0.08852139729883028,-1.4970326666458833,-468.31808000000115,26.923076923076923,-669.3104800000018,-468.31808000000115,1123,1359,
83,2024-01-01,2025-12-31,2024-01-31,2025-09-29,4706,3108,472,-0.15088225802951888,-3.2780016979825897,-1216.177240000002,23.30508474576271,-1216.1772400000025,-1216.177240000002,1676,665,
84,2024-03-01,2025-12-31,2024-01-01,2025-11-13,4965,3108,339,-0.1703315832212822,-3.1361370432850424,-983.4156800000019,23.893805309734514,-1010.4573199999991,-983.4156800000019,1090,1471,
85,2024-02-15,2025-11-13,2024-01-16,2025-12-12,4662,3108,385,-0.17164605648585746,-3.3679388284604093,-1132.236559999999,23.376623376623375,-1132.236559999998,-1132.236559999999,1407,857,
86,2024-01-01,2025-12-31,2024-04-01,2025-10-14,5742,3108,340,-0.15543174588125525,-2.8660197824537668,-886.9255600000001,23.235294117647058,-940.9235999999995,-886.9255600000001,1117,1485,
87,2024-01-01,2025-10-14,2024-01-31,2025-12-12,4662,3108,422,-0.20703497316174216,-4.253044627945862,-1473.8079600000015,21.563981042654028,-1477.9101600000024,-1473.8079600000015,1308,743,
88,2024-01-01,2025-11-13,2024-01-31,2025-12-12,4921,3108,377,-0.17819936824585075,-3.4600058664537063,-1231.9052000000006,22.811671087533156,-1312.1336400000016,-1231.9052000000006,1371,1355,
89,2024-01-01,2025-11-13,2024-01-31,2025-12-12,4144,3108,396,-0.11248975784047166,-2.238517917088704,-780.909280000001,25.5050505050505,-794.0102000000005,-780.909280000001,1344,1024,
90,2024-01-01,2025-12-31,2024-04-01,2025-09-14,5224,3108,378,-0.17333437771250074,-3.3700054682238116,-1167.9066800000023,22.75132275132275,-1175.8038399999998,-1167.9066800000023,1374,1135,
91,2024-01-01,2025-12-31,2024-03-01,2025-10-29,4965,3108,246,-0.1575717272785421,-2.4714159731691545,-589.8524399999995,24.390243902439025,-609.8096799999995,-589.8524399999995,951,1251,
92,2024-01-01,2025-05-30,2024-04-01,2025-12-12,5957,3108,443,-0.1263569466058651,-2.6595060696136694,-962.6992399999995,24.830699774266364,-1075.3730400000013,-962.6992399999995,1274,818,
93,2024-01-01,2025-12-31,2024-06-14,2025-09-14,5742,3108,406,-0.1559899886926704,-3.1431111797659677,-1084.23376,23.39901477832512,-1087.0928799999992,-1084.23376,1146,1113,
94,2024-01-01,2025-07-15,2024-04-16,2025-12-31,5180,3152,337,-0.10731219330902352,-1.9699900006475461,-640.4267999999977,26.112759643916917,-805.182359999999,-640.4267999999977,1269,1161,
95,2024-01-31,2025-05-15,2024-01-01,2025-12-31,6734,3152,238,-0.030110643429703685,-0.46452438231451354,-123.3352399999967,29.831932773109244,-244.67723999999907,-123.3352399999967,914,1499,
96,2024-01-01,2025-11-13,2024-05-16,2025-12-12,6216,3108,331,-0.1981275156537252,-3.6046142129176277,-1081.2660000000014,22.658610271903324,-1166.903960000002,-1081.2660000000014,1170,1103,
97,2024-01-01,2025-12-31,2024-03-01,2025-11-27,4188,3108,354,-0.22915419167478282,-4.311510387438673,-1259.756399999999,20.62146892655367,-1259.756399999999,-1259.756399999999,1364,1210,
98,2024-01-01,2025-12-31,2024-01-31,2025-11-27,4965,3108,446,-0.20300986572683818,-4.287306904078978,-1538.3816800000031,21.973094170403588,-1593.3296400000052,-1538.3816800000031,1560,847,
99,2024-04-01,2025-07-30,2024-01-01,2025-12-31,5180,3152,408,-0.1609430451492621,-3.250890158560007,-1152.6132400000013,24.019607843137255,-1254.6652800000022,-1152.6132400000013,1718,820,
100,2024-02-15,2025-12-31,2024-01-16,2025-11-13,5483,3108,351,-0.16532346026137304,-3.097334035261715,-949.5001599999989,23.076923076923077,-1000.1666799999995,-949.5001599999989,1155,863,
101,2024-01-01,2025-11-13,2024-02-15,2025-12-12,5698,3108,283,-0.14705277301955136,-2.4738105442667457,-651.427839999996,24.381625441696116,-710.8503199999974,-651.427839999996,1373,1087,
102,2024-03-01,2025-11-13,2024-01-16,2025-12-12,4662,3108,427,-0.19995310431376195,-4.131826612510651,-1511.5646800000004,21.779859484777518,-1591.5833200000027,-1511.5646800000004,1583,800,
103,2024-01-01,2025-12-31,2024-04-16,2025-10-29,5483,3108,324,-0.1683471658155936,-3.030248984680685,-895.0337600000001,24.074074074074073,-998.7509200000001,-895.0337600000001,1004,1006,
104,2024-03-01,2025-12-31,2024-01-16,2025-11-27,5483,3108,317,-0.11568420879721204,-2.0596987799959283,-646.2308000000024,24.9211356466877,-663.551200000002,-646.2308000000024,1121,792,
105,2024-01-31,2025-10-29,2024-01-01,2025-12-31,4403,3152,298,-0.15888880025993124,-2.7428459586196263,-768.9849999999977,24.496644295302016,-856.8432399999986,-768.9849999999977,1096,1137,
106,2024-01-01,2025-12-31,2024-03-01,2025-09-29,4706,3108,408,-0.17413985068079893,-3.517452563832727,-1140.1322800000007,22.54901960784314,-1140.1322800000014,-1140.1322800000007,1339,978,
107,2024-03-01,2025-11-27,2024-01-01,2025-12-31,4921,3152,368,-0.14305602384020433,-2.744290354930511,-877.8208800000041,23.91304347826087,-925.2032000000038,-877.8208800000041,1497,684,
108,2024-07-30,2025-12-31,2024-01-16,2025-09-29,4965,3108,283,-0.18761942769709486,-3.1562473050722866,-854.4134800000038,22.968197879858657,-854.413480000004,-854.4134800000038,1153,915,
109,2024-01-01,2025-11-27,2024-01-31,2025-12-31,5957,3152,284,-0.17695944729214524,-2.982173613324247,-828.3145199999977,23.591549295774648,-974.4110399999971,-828.3145199999977,1184,1050,
110,2024-01-01,2025-12-31,2024-03-01,2025-10-29,5224,3108,387,-0.09801557607519527,-1.928193343611417,-644.6594000000002,26.098191214470283,-711.6849200000012,-644.6594000000002,1350,1018,
111,2024-01-01,2025-11-13,2024-04-01,2025-12-12,5439,3108,410,-0.06499012089164731,-1.3159496508375548,-475.379239999994,27.5609756097561,-554.2705199999973,-475.379239999994,1284,1366,
112,2024-05-16,2025-12-31,2024-01-16,2025-10-29,4188,3108,349,-0.1465815018569933,-2.738368438256886,-959.9464800000009,23.78223495702006,-1071.4010799999983,-959.9464800000009,1022,1576,
113,2024-01-01,2025-10-14,2024-05-30,2025-12-31,4921,3152,223,-0.06430851489982783,-0.9603309194036019,-240.208039999999,28.251121076233183,-465.2462800000003,-240.208039999999,823,1298,
114,2024-01-01,2025-07-15,2024-05-01,2025-12-12,5180,3108,474,-0.1467828408584262,-3.1956886462236604,-1168.9247600000012,24.261603375527425,-1245.0745200000006,-1168.9247600000012,1613,789,
115,2024-03-15,2025-11-13,2024-01-01,2025-12-12,5180,3108,446,-0.09375691324018097,-1.9800252564110796,-772.7818399999989,26.23318385650224,-840.4618399999972,-772.7818399999989,1497,785,
116,2024-03-01,2025-12-31,2024-01-01,2025-10-29,4965,3108,414,-0.025898034480925182,-0.5269470472919727,-191.28619999999867,29.227053140096622,-394.53747999999985,-191.28619999999867,1413,1232,
117,2024-01-01,2025-12-31,2024-01-31,2025-11-27,4965,3108,313,-0.07250770529009742,-1.2827922564368517,-384.6868399999975,27.15654952076677,-458.4969999999978,-384.6868399999975,1120,1285,
118,2024-01-01,2025-05-15,2024-03-15,2025-12-12,4921,3108,294,-0.15066357979390188,-2.583342253213103,-720.7306400000001,24.149659863945576,-743.3322400000001,-720.7306400000001,1104,1345,
119,2024-01-01,2025-10-29,2024-03-15,2025-12-31,5957,3152,225,-0.16128924891622728,-2.4193387337434094,-586.8251599999968,25.333333333333336,-813.4698799999991,-586.8251599999968,819,1413,
120,2024-01-01,2025-12-31,2024-02-15,2025-11-13,5483,3108,296,-0.10743817853316241,-1.8484363156817194,-546.1287200000036,25.675675675675674,-625.4047200000039,-546.1287200000036,1103,1324,
121,2024-04-01,2025-09-29,2024-01-16,2025-12-31,5439,3152,319,-0.09439924792473273,-1.686024479298238,-507.8601600000019,26.332288401253916,-602.4171200000018,-507.8601600000019,1209,944,
122,2024-05-16,2025-12-31,2024-01-01,2025-09-29,5742,3108,439,-0.19721506515809129,-4.132114502916295,-1493.6162800000031,21.867881548974943,-1493.6162800000043,-1493.6162800000031,1673,1040,
123,2024-01-01,2025-12-31,2024-03-01,2025-11-13,6260,3108,413,-0.10344845440175168,-2.1023210179656115,-716.8802000000023,26.39225181598063,-832.2982400000013,-716.8802000000023,1260,856,
124,2024-01-01,2025-12-31,2024-03-01,2025-11-27,4447,3108,321,-0.11716190848943077,-2.099128154516614,-670.1531600000009,24.610591900311526,-829.1700800000002,-670.1531600000009,1078,1190,
125,2024-01-01,2025-11-13,2024-02-15,2025-12-12,4921,3108,453,-0.17563896251641822,-3.738263962682575,-1392.22872,22.737306843267106,-1467.4778799999995,-1392.22872,1407,881,
126,2024-03-01,2025-12-31,2024-01-16,2025-11-13,4447,3108,326,-0.06150617414899803,-1.110522887406505,-358.0297199999984,27.607361963190186,-443.0746799999985,-358.0297199999984,1148,1295,
127,2024-01-01,2025-12-31,2024-03-15,2025-11-13,4447,3108,329,-0.18419842329835473,-3.341056787739825,-1026.7687599999995,22.188449848024316,-1046.2525199999986,-1026.7687599999995,1084,1559,
128,2024-01-01,2025-10-29,2024-03-01,2025-12-31,4921,3152,333,-0.03366678669710128,-0.6143612059100106,-209.9433200000015,29.72972972972973,-523.4114799999995,-209.9433200000015,1409,948,
129,2024-04-01,2025-11-27,2024-01-16,2025-12-31,5957,3152,314,-0.11772169004555154,-2.086033662349389,-663.4338399999986,25.796178343949045,-931.4554799999997,-663.4338399999986,1084,1549,
130,2024-03-01,2025-11-13,2024-01-01,2025-12-12,5180,3108,327,-0.08253707324823076,-1.492529559689022,-484.81644000000045,26.605504587155966,-484.8164400000004,-484.81644000000045,1094,1036,
131,2024-01-01,2025-12-31,2024-04-16,2025-07-15,5483,3108,422,-0.1803776585863616,-3.7054330489991814,-1351.369920000002,23.22274881516588,-1434.2231600000039,-1351.369920000002,1307,1230,
132,2024-01-01,2025-10-29,2024-03-15,2025-12-31,5180,3152,277,-0.07819256430061158,-1.3013836329068236,-388.4689600000049,27.436823104693143,-537.3879600000059,-388.4689600000049,1106,1265,
133,2024-01-01,2025-12-31,2024-03-15,2025-09-14,5224,3108,300,-0.10772442297211182,-1.8658417380373762,-525.3647599999994,26.333333333333332,-596.4081600000002,-525.3647599999994,1283,995,
134,2024-01-01,2025-12-31,2024-02-15,2025-07-15,4965,3108,349,-0.07265168574692617,-1.3572454962948561,-434.5902399999992,27.507163323782237,-611.9703599999988,-434.5902399999992,1438,673,
135,2024-01-01,2025-12-31,2024-04-16,2025-10-14,6519,3108,294,-0.13802018549143225,-2.3665532006080645,-679.1323200000008,24.149659863945576,-820.1976400000007,-679.1323200000008,1180,1033,
136,2024-01-01,2025-12-31,2024-01-31,2025-10-14,4965,3108,479,-0.20953306219949902,-4.585854979183368,-1616.5353599999994,21.50313152400835,-1754.7597599999992,-1616.5353599999994,1680,897,
137,2024-03-15,2025-12-31,2024-01-01,2025-10-14,4965,3108,464,-0.10776200884436275,-2.3212647102991175,-857.4214799999995,25.21551724137931,-863.6844799999992,-857.4214799999995,1471,1012,
138,2024-01-01,2025-11-27,2024-01-31,2025-12-31,5957,3152,507,-0.20779063650950402,-4.678751217029987,-1810.3118400000037,21.696252465483234,-1883.2049600000037,-1810.3118400000037,1694,819,
139,2024-01-01,2025-12-31,2024-01-31,2025-11-27,4965,3108,309,-0.11040348082002986,-1.9407160870019653,-580.8889599999995,25.88996763754045,-624.8313600000025,-580.8889599999995,1165,1241,
140,2024-01-01,2025-12-31,2024-04-01,2025-11-27,5224,3108,416,-0.08345315062843091,-1.7021169741006685,-589.9272399999958,26.682692307692307,-724.0142399999963,-589.9272399999958,1311,916,
141,2024-01-01,2025-12-31,2024-05-16,2025-10-14,6260,3108,537,-0.1469654726661733,-3.4056691756199045,-1369.3324400000006,24.20856610800745,-1492.238680000003,-1369.3324400000006,1492,867,
142,2024-01-01,2025-12-31,2024-02-15,2025-05-30,5483,3108,374,-0.10254342307978447,-1.9830954219925871,-659.0968000000014,25.668449197860966,-882.431600000001,-659.0968000000014,1314,1177,
143,2024-01-01,2025-12-31,2024-02-15,2025-10-29,6001,3108,338,-0.18086733629225918,-3.3252055196725094,-996.1524800000007,22.485207100591715,-1007.349240000001,-996.1524800000007,1172,751,
144,2024-01-01,2025-12-31,2024-04-01,2025-10-29,4188,3108,334,-0.23037688733288167,-4.210291250322303,-1282.8296800000057,21.55688622754491,-1321.600200000006,-1282.8296800000057,1167,962,
145,2024-03-15,2025-12-31,2024-01-16,2025-07-15,5224,3108,393,-0.09767126682973226,-1.9362574237691201,-702.6937200000056,25.954198473282442,-773.7142400000045,-702.6937200000056,1487,1136,
146,2024-04-01,2025-11-13,2024-01-16,2025-12-12,4403,3108,256,-0.2030383054099846,-3.2486128865597537,-889.13336,22.265625,-936.0551999999999,-889.13336,894,1520,
147,2024-02-15,2025-12-31,2024-01-16,2025-10-14,4706,3108,338,-0.2354793730914622,-4.329235600105778,-1320.99536,20.710059171597635,-1320.99536,-1320.99536,1202,1504,
148,2024-01-01,2025-12-31,2024-05-30,2025-10-14,6519,3108,455,-0.1661976169594925,-3.5451163290887164,-1279.9310000000014,23.076923076923077,-1352.6510000000028,-1279.9310000000014,1339,955,
149,2024-01-01,2025-11-27,2024-02-15,2025-12-31,5180,3152,219,-0.15907278837473682,-2.3540622949037955,-531.6300399999989,23.74429223744292,-759.2241599999999,-531.6300399999989,855,1289,
150,2024-01-01,2025-12-31,2024-05-01,2025-11-13,7296,3108,419,-0.16484327050150366,-3.374257593103373,-1125.4210400000036,23.389021479713605,-1216.6870400000028,-1125.4210400000036,1383,1004,
151,2024-03-01,2025-12-31,2024-01-16,2025-11-27,6260,3108,232,-0.07080721583417916,-1.0785033801020856,-270.91859999999986,27.586206896551722,-484.1138399999999,-270.91859999999986,860,1795,
152,2024-01-01,2025-12-31,2024-05-01,2025-11-13,5742,3108,376,-0.0712947744382139,-1.3824569679326806,-488.00764000000015,27.127659574468083,-663.6814000000014,-488.00764000000015,1162,1460,
153,2024-04-01,2025-12-31,2024-01-01,2025-09-14,6260,3108,341,-0.0848849531274913,-1.5675012747052648,-441.9768800000046,26.97947214076246,-455.50296000000486,-441.9768800000046,1274,808,
154,2024-01-01,2025-11-13,2024-03-01,2025-12-12,5698,3108,355,-0.22604150195557116,-4.2589482287587535,-1370.4950799999983,21.12676056338028,-1375.6975599999969,-1370.4950799999983,1271,1031,
155,2024-03-15,2025-12-31,2024-01-16,2025-11-13,4447,3108,246,-0.0508126580434733,-0.79696540043528,-220.73831999999953,28.04878048780488,-332.09755999999953,-220.73831999999953,850,1470,
156,2024-01-01,2025-12-31,2024-03-15,2025-11-27,5742,3108,371,-0.1753344109591018,-3.377179259711453,-1119.5265599999989,22.911051212938006,-1183.1940399999987,-1119.5265599999989,1217,1312,
157,2024-01-01,2025-12-31,2024-03-01,2025-09-14,6001,3108,347,-0.169383360656422,-3.155262403499976,-938.2728400000018,23.631123919308358,-954.8943600000013,-938.2728400000018,1349,833,
158,2024-01-01,2025-12-31,2024-01-31,2025-11-27,5224,3108,373,-0.21410512947878457,-4.135056881469034,-1203.3196800000012,21.447721179624665,-1281.751560000001,-1203.3196800000012,1221,1026,
159,2024-01-01,2025-12-31,2024-02-15,2025-11-27,5224,3108,392,-0.16657651536373425,-3.298046740803405,-1146.1389600000014,22.95918367346939,-1214.8142800000003,-1146.1389600000014,1205,1217,
160,2024-01-01,2025-11-27,2024-05-01,2025-12-31,5698,3152,309,-0.20030732968286694,-3.521081529065516,-991.8041200000005,22.330097087378643,-1112.5361600000012,-991.8041200000005,1138,1136,
161,2024-05-30,2025-12-31,2024-01-16,2025-10-29,4965,3108,324,-0.1931800277310576,-3.477240499159037,-1022.7320800000048,22.530864197530864,-1027.3909600000054,-1022.7320800000048,1090,1107,
162,2024-01-01,2025-12-31,2024-04-01,2025-11-13,5742,3108,358,-0.17992478756517677,-3.404336741066296,-1169.2288799999988,22.905027932960895,-1364.4507999999996,-1169.2288799999988,1210,1384,
163,2024-01-01,2025-11-13,2024-03-01,2025-12-31,4403,3152,307,-0.12765203091672495,-2.236644269017651,-679.7694399999925,25.407166123778502,-831.0344799999929,-679.7694399999925,1444,1335,
164,2024-03-15,2025-12-31,2024-01-16,2025-08-14,4706,3108,463,-0.13584216965894244,-2.922975027551799,-1045.713680000004,25.05399568034557,-1309.0895200000045,-1045.713680000004,1717,873,
165,2024-01-01,2025-09-14,2024-01-31,2025-12-12,4662,3108,269,-0.14876472308177735,-2.439922872190397,-678.022039999996,23.42007434944238,-712.103039999998,-678.022039999996,996,1278,
166,2024-04-01,2025-12-31,2024-01-01,2025-11-13,6260,3108,402,-0.17705739410665372,-3.549989713330341,-1166.663680000002,22.139303482587064,-1212.740440000002,-1166.663680000002,1378,816,
167,2024-01-31,2025-10-29,2024-01-01,2025-12-31,5180,3152,363,0.024528114725366413,0.4673233501003426,155.47711999999743,31.129476584022036,-141.98784000000344,155.47711999999743,1361,1085,
168,2024-01-01,2025-12-31,2024-01-31,2025-10-29,4965,3108,228,-0.07287074182340438,-1.1003240718841256,-298.68563999999924,26.75438596491228,-591.3418000000021,-298.68563999999924,844,1397,
169,2024-04-01,2025-11-13,2024-01-16,2025-12-12,4403,3108,425,-0.14015537797459385,-2.889377136938087,-1006.0536800000023,24.705882352941178,-1047.2904000000015,-1006.0536800000023,1380,881,
170,2024-01-31,2025-12-31,2024-01-01,2025-09-29,4706,3108,440,-0.16074903911311178,-3.371900291133628,-1151.5038800000016,23.636363636363637,-1151.5038800000016,-1151.5038800000016,1470,1077,
171,2024-01-01,2025-10-14,2024-01-31,2025-12-12,5439,3108,331,-0.05006194844379385,-0.9107973230847703,-273.88779999999974,28.700906344410875,-518.4757200000026,-273.88779999999974,1226,1044,
172,2024-01-01,2025-09-14,2024-04-01,2025-12-31,4921,3152,343,-0.046220901803482824,-0.8560230808160667,-295.71711999999707,28.86297376093295,-447.40819999999786,-295.71711999999707,1106,1404,
173,2024-01-01,2025-10-14,2024-02-15,2025-12-12,4662,3108,260,-0.09177765996145591,-1.479870300289915,-383.3940799999996,26.153846153846157,-485.8137200000015,-383.3940799999996,914,1442,
174,2024-01-01,2025-10-14,2024-02-15,2025-12-31,4921,3152,206,-0.06616889672187783,-0.9497023302269243,-233.1618399999985,28.155339805825243,-479.21527999999967,-233.1618399999985,802,1354,
175,2024-02-15,2025-12-31,2024-01-16,2025-09-14,4706,3108,499,-0.14905996095367843,-3.3297473038950804,-1333.1006000000052,24.448897795591183,-1368.4016400000048,-1333.1006000000052,1773,479,
176,2024-02-15,2025-12-31,2024-01-16,2025-10-14,4706,3108,329,-0.23518758184582245,-4.265916356109869,-1237.895239999999,20.364741641337385,-1258.1522399999992,-1237.895239999999,1253,976,
177,2024-01-31,2025-12-31,2024-01-01,2025-11-13,4447,3108,325,-0.17026198482058214,-3.0694415826644015,-982.1274000000024,24.0,-995.5824399999996,-982.1274000000024,1164,1268,
178,2024-01-31,2025-10-29,2024-01-01,2025-12-31,4921,3152,370,-0.0833854474613131,-1.6039511070726753,-561.7983199999985,27.297297297297295,-732.305439999997,-561.7983199999985,1332,1194,
179,2024-05-30,2025-09-29,2024-01-01,2025-12-12,4144,3108,274,-0.19447576682894843,-3.2191467416282626,-800.2415600000013,22.99270072992701,-800.2415600000006,-800.2415600000013,984,1099,
180,2024-01-01,2025-10-29,2024-01-31,2025-12-12,3885,3108,374,-0.15941233604472896,-3.0828878569177403,-992.4790000000016,22.459893048128343,-1078.863440000002,-992.4790000000016,1333,1053,
181,2024-01-01,2025-12-31,2024-03-15,2025-11-27,4965,3108,344,-0.206612493101164,-3.832090874846866,-1157.3582800000008,21.802325581395348,-1249.9443199999996,-1157.3582800000008,1102,1256,
182,2024-01-01,2025-11-13,2024-04-16,2025-12-12,5180,3108,276,-0.14389875097241403,-2.39062559734312,-726.8498799999991,24.637681159420293,-732.2447599999994,-726.8498799999991,965,1013,
183,2024-02-15,2025-12-31,2024-01-16,2025-10-29,4188,3108,339,-0.15015902203234166,-2.7647208020564102,-900.9349600000054,23.303834808259587,-900.9349600000048,-900.9349600000054,1112,1065,
184,2024-01-01,2025-11-27,2024-03-15,2025-12-31,5957,3152,424,-0.10051640877062122,-2.069759535605156,-799.9174399999999,25.471698113207548,-948.1306400000001,-799.9174399999999,1590,1076,
185,2024-04-01,2025-07-15,2024-01-16,2025-12-31,4403,3152,383,-0.05154128855022509,-1.0086829010818648,-341.0882799999993,28.459530026109658,-482.2686799999995,-341.0882799999993,1447,805,
186,2024-03-15,2025-09-29,2024-01-16,2025-12-12,3885,3108,244,-0.21015779197464315,-3.2827696533184296,-803.5557999999994,21.311475409836063,-803.5557999999993,-803.5557999999994,1076,1157,
187,2024-01-01,2025-08-29,2024-03-15,2025-12-12,4921,3108,330,-0.18489821293107442,-3.3588428391165652,-1059.36284,22.12121212121212,-1117.42864,-1059.36284,1069,1468,
188,2024-02-15,2025-12-31,2024-01-16,2025-09-29,5483,3108,498,-0.2677542505417644,-5.9751807223066145,-2214.8371199999997,19.477911646586346,-2214.837120000003,-2214.8371199999997,1614,1114,
189,2024-02-15,2025-12-31,2024-01-16,2025-10-29,4447,3108,279,-0.08265679535198028,-1.3806406785194703,-408.63367999999906,25.806451612903224,-408.63367999999855,-408.63367999999906,965,1250,
190,2024-01-01,2025-12-31,2024-03-15,2025-11-13,4447,3108,333,-0.14959592510690123,-2.7298694637766725,-848.374679999997,24.624624624624623,-896.9649999999959,-848.374679999997,1114,1207,
191,2024-01-01,2025-12-31,2024-03-15,2025-11-13,6001,3108,335,-0.17983472072451162,-3.291515831748517,-969.8943600000046,23.283582089552237,-1100.5239600000061,-969.8943600000046,1226,558,
192,2024-01-01,2025-12-31,2024-01-31,2025-11-13,4965,3108,294,-0.27596910289862736,-4.7318844081268425,-1307.681280000002,19.387755102040817,-1399.1064800000017,-1307.681280000002,1092,1194,
193,2024-01-01,2025-12-31,2024-03-01,2025-09-29,4706,3108,382,-0.2396991507238188,-4.684876823530054,-1387.8065599999982,21.20418848167539,-1387.8065599999986,-1387.8065599999982,1273,908,
194,2024-01-01,2025-12-31,2024-05-01,2025-10-29,6001,3108,317,-0.18036789374168122,-3.2113590485059285,-898.7909999999985,23.34384858044164,-900.6040399999985,-898.7909999999985,1074,928,
195,2024-01-01,2025-12-31,2024-02-15,2025-10-29,5483,3108,367,-0.162955640533432,-3.1217809767614426,-1058.1406000000002,23.160762942779293,-1058.140599999998,-1058.1406000000002,1144,1375,
196,2024-01-01,2025-11-27,2024-04-16,2025-12-31,6475,3152,230,-0.18331352028076378,-2.7800871829992992,-727.4131200000015,23.91304347826087,-854.5451600000019,-727.4131200000015,986,746,
197,2024-01-01,2025-11-27,2024-01-31,2025-12-31,5180,3152,303,-0.07733682021160089,-1.3461939234054539,-387.84731999999855,27.39273927392739,-533.6286400000005,-387.84731999999855,1153,1079,
198,2024-04-01,2025-10-14,2024-01-16,2025-12-12,5180,3108,370,-0.07937094506461802,-1.526730611655745,-530.5780800000011,27.027027027027028,-675.1903600000005,-530.5780800000011,1303,1013,
199,2024-01-31,2025-12-31,2024-01-01,2025-11-27,4706,3108,224,-0.2079359130436769,-3.1120997800618304,-793.4323999999996,21.875,-895.3413599999985,-793.4323999999996,679,1192,
200,2024-01-01,2025-12-31,2024-04-01,2025-09-14,6519,3108,365,-0.14226981680805706,-2.718061033665048,-884.0786000000053,23.56164383561644,-913.8342800000042,-884.0786000000053,1308,663,
