Time,Close_Reel_Direction,Prediction_Modele,Confiance_Hausse_%,Spread
2026-01-01 23:00:00,1,0,47.65,23
2026-01-02 00:00:00,1,0,48.78,4
2026-01-02 01:00:00,0,0,45.54,3
2026-01-02 02:00:00,1,0,49.01,3
2026-01-02 03:00:00,0,0,44.83,2
2026-01-02 04:00:00,0,1,50.76,5
2026-01-02 05:00:00,0,0,49.49,6
2026-01-02 06:00:00,0,1,53.98,4
2026-01-02 07:00:00,0,1,54.44,4
2026-01-02 08:00:00,0,1,52.67,3
2026-01-02 09:00:00,0,1,50.93,4
2026-01-02 10:00:00,1,1,51.13,4
2026-01-02 11:00:00,1,1,52.13,3
2026-01-02 12:00:00,0,1,52.29,3
2026-01-02 13:00:00,1,1,50.57,3
2026-01-02 14:00:00,1,0,47.89,5
2026-01-02 15:00:00,0,0,47.56,3
2026-01-02 16:00:00,0,1,57.06,4
2026-01-02 17:00:00,0,1,53.64,4
2026-01-02 18:00:00,1,1,50.38,3
2026-01-02 19:00:00,0,0,48.49,4
2026-01-02 20:00:00,1,1,63.32,4
2026-01-02 21:00:00,0,0,48.89,5
2026-01-04 22:00:00,0,1,56.98,78
2026-01-04 23:00:00,0,1,56.52,7
2026-01-05 00:00:00,0,1,55.94,3
2026-01-05 01:00:00,0,1,55.35,3
2026-01-05 02:00:00,0,1,58.17,3
2026-01-05 03:00:00,1,1,62.45,4
2026-01-05 04:00:00,1,1,53.07,3
2026-01-05 05:00:00,1,1,53.88,5
2026-01-05 06:00:00,0,1,50.59,3
2026-01-05 07:00:00,0,1,52.61,4
2026-01-05 08:00:00,0,1,51.54,3
2026-01-05 09:00:00,1,1,51.34,3
2026-01-05 10:00:00,0,0,49.39,3
2026-01-05 11:00:00,0,1,52.03,2
2026-01-05 12:00:00,1,1,51.37,4
2026-01-05 13:00:00,1,0,48.88,3
2026-01-05 14:00:00,1,0,47.88,4
2026-01-05 15:00:00,1,0,44.49,5
2026-01-05 16:00:00,0,0,42.21,3
2026-01-05 17:00:00,1,0,48.03,2
2026-01-05 18:00:00,1,0,43.75,3
2026-01-05 19:00:00,0,0,40.18,3
2026-01-05 20:00:00,0,0,48.65,3
2026-01-05 21:00:00,0,1,52.56,5
2026-01-05 22:00:00,0,1,53.39,31
2026-01-05 23:00:00,1,1,52.49,14
2026-01-06 00:00:00,1,0,49.65,4
2026-01-06 01:00:00,1,0,45.89,3
2026-01-06 02:00:00,0,0,46.34,3
2026-01-06 03:00:00,0,0,49.21,4
2026-01-06 04:00:00,0,0,45.38,6
2026-01-06 05:00:00,1,1,51.54,3
2026-01-06 06:00:00,0,0,45.92,4
2026-01-06 07:00:00,0,1,51.84,3
2026-01-06 08:00:00,0,1,50.12,4
2026-01-06 09:00:00,0,1,50.84,4
2026-01-06 10:00:00,0,0,48.77,3
2026-01-06 11:00:00,0,1,51.33,3
2026-01-06 12:00:00,1,1,51.18,3
2026-01-06 13:00:00,0,1,50.13,5
2026-01-06 14:00:00,0,1,51.54,3
2026-01-06 15:00:00,0,1,51.3,3
2026-01-06 16:00:00,1,1,51.14,3
2026-01-06 17:00:00,0,0,47.74,4
2026-01-06 18:00:00,1,0,49.73,3
2026-01-06 19:00:00,0,0,48.12,3
2026-01-06 20:00:00,1,1,64.0,3
2026-01-06 21:00:00,0,1,53.65,4
2026-01-06 22:00:00,0,1,53.89,18
2026-01-06 23:00:00,1,1,52.46,12
2026-01-07 00:00:00,1,0,48.98,4
2026-01-07 01:00:00,1,1,50.15,4
2026-01-07 02:00:00,1,1,51.57,4
2026-01-07 03:00:00,0,0,48.21,4
2026-01-07 04:00:00,1,1,52.46,5
2026-01-07 05:00:00,1,1,50.4,4
2026-01-07 06:00:00,0,0,48.31,5
2026-01-07 07:00:00,1,1,54.58,4
2026-01-07 08:00:00,0,0,47.68,4
2026-01-07 09:00:00,1,1,52.28,3
2026-01-07 10:00:00,1,0,47.95,5
2026-01-07 11:00:00,0,0,46.59,2
2026-01-07 12:00:00,1,0,47.42,3
2026-01-07 13:00:00,1,0,47.33,3
2026-01-07 14:00:00,0,0,46.81,3
2026-01-07 15:00:00,0,0,46.13,7
2026-01-07 16:00:00,0,0,49.46,2
2026-01-07 17:00:00,0,1,51.19,2
2026-01-07 18:00:00,0,1,52.04,2
2026-01-07 19:00:00,0,1,51.68,3
2026-01-07 20:00:00,0,1,66.68,3
2026-01-07 21:00:00,1,1,66.83,5
2026-01-07 22:00:00,0,1,53.53,20
2026-01-07 23:00:00,0,1,55.8,7
2026-01-08 00:00:00,0,1,55.82,3
2026-01-08 01:00:00,1,1,55.38,3
2026-01-08 02:00:00,0,1,51.11,4
2026-01-08 03:00:00,1,1,50.8,4
2026-01-08 04:00:00,1,0,48.78,3
2026-01-08 05:00:00,0,0,47.59,3
2026-01-08 06:00:00,0,1,52.8,3
2026-01-08 07:00:00,0,1,51.15,4
2026-01-08 08:00:00,1,1,54.33,3
2026-01-08 09:00:00,1,0,47.61,4
2026-01-08 10:00:00,0,0,44.98,4
2026-01-08 11:00:00,0,0,47.16,3
2026-01-08 12:00:00,0,1,50.04,3
2026-01-08 13:00:00,1,1,51.12,2
2026-01-08 14:00:00,1,1,53.85,3
2026-01-08 15:00:00,0,1,54.26,3
2026-01-08 16:00:00,0,1,53.46,3
2026-01-08 17:00:00,0,1,53.75,3
2026-01-08 18:00:00,1,1,53.99,3
2026-01-08 19:00:00,1,1,50.69,3
2026-01-08 20:00:00,1,1,60.44,3
2026-01-08 21:00:00,0,0,47.49,4
2026-01-08 22:00:00,0,1,50.99,31
2026-01-08 23:00:00,0,1,50.32,7
2026-01-09 00:00:00,0,1,55.78,4
2026-01-09 01:00:00,1,1,55.15,4
2026-01-09 02:00:00,1,0,47.54,3
2026-01-09 03:00:00,0,0,48.17,3
2026-01-09 04:00:00,0,1,50.48,3
2026-01-09 05:00:00,0,1,52.54,3
2026-01-09 06:00:00,1,1,53.6,4
2026-01-09 07:00:00,0,1,53.92,4
2026-01-09 08:00:00,0,1,53.46,3
2026-01-09 09:00:00,1,1,52.04,4
2026-01-09 10:00:00,0,0,48.84,4
2026-01-09 11:00:00,0,0,49.58,3
2026-01-09 12:00:00,1,1,51.17,3
2026-01-09 13:00:00,0,0,49.18,3
2026-01-09 14:00:00,1,1,50.63,3
2026-01-09 15:00:00,0,1,52.14,4
2026-01-09 16:00:00,0,1,53.71,3
2026-01-09 17:00:00,1,1,52.05,3
2026-01-09 18:00:00,1,1,52.46,2
2026-01-09 19:00:00,0,0,49.51,3
2026-01-09 20:00:00,0,1,56.06,3
2026-01-09 21:00:00,0,1,64.46,4
2026-01-11 22:00:00,0,1,56.36,71
2026-01-11 23:00:00,1,1,55.13,44
2026-01-12 00:00:00,0,0,49.89,4
2026-01-12 01:00:00,0,1,52.4,3
2026-01-12 02:00:00,1,0,49.08,3
2026-01-12 03:00:00,1,0,46.89,3
2026-01-12 04:00:00,1,0,46.26,3
2026-01-12 05:00:00,1,0,44.75,4
2026-01-12 06:00:00,1,0,46.09,2
2026-01-12 07:00:00,1,0,48.06,3
2026-01-12 08:00:00,0,0,46.26,3
2026-01-12 09:00:00,1,1,50.92,3
2026-01-12 10:00:00,0,0,46.88,3
2026-01-12 11:00:00,1,1,51.34,3
2026-01-12 12:00:00,1,0,47.91,3
2026-01-12 13:00:00,0,0,46.36,3
2026-01-12 14:00:00,1,1,51.21,3
2026-01-12 15:00:00,0,0,46.75,4
2026-01-12 16:00:00,0,1,54.96,2
2026-01-12 17:00:00,1,1,54.27,3
2026-01-12 18:00:00,1,1,50.34,3
2026-01-12 19:00:00,0,0,46.38,3
2026-01-12 20:00:00,1,1,67.38,2
2026-01-12 21:00:00,1,1,53.95,5
2026-01-12 22:00:00,0,1,51.83,29
2026-01-12 23:00:00,0,1,51.51,14
2026-01-13 00:00:00,0,1,52.7,3
2026-01-13 01:00:00,1,1,53.35,3
2026-01-13 02:00:00,0,1,52.91,4
2026-01-13 03:00:00,1,1,52.37,3
2026-01-13 04:00:00,0,0,48.29,4
2026-01-13 05:00:00,0,1,50.42,4
2026-01-13 06:00:00,1,1,54.22,3
2026-01-13 07:00:00,1,0,48.85,3
2026-01-13 08:00:00,1,0,47.64,3
2026-01-13 09:00:00,0,0,48.43,3
2026-01-13 10:00:00,1,0,46.27,4
2026-01-13 11:00:00,0,1,50.0,3
2026-01-13 12:00:00,1,1,50.73,3
2026-01-13 13:00:00,0,1,50.22,3
2026-01-13 14:00:00,0,1,51.34,3
2026-01-13 15:00:00,0,1,54.06,3
2026-01-13 16:00:00,1,1,53.14,2
2026-01-13 17:00:00,1,1,53.32,3
2026-01-13 18:00:00,0,1,50.97,3
2026-01-13 19:00:00,0,1,51.37,5
2026-01-13 20:00:00,0,1,66.39,4
2026-01-13 21:00:00,1,1,69.3,5
2026-01-13 22:00:00,0,1,52.39,23
2026-01-13 23:00:00,1,1,54.68,13
2026-01-14 00:00:00,0,1,57.3,3
2026-01-14 01:00:00,1,1,54.56,3
2026-01-14 02:00:00,1,1,50.41,2
2026-01-14 03:00:00,0,1,50.6,3
2026-01-14 04:00:00,0,1,50.94,3
2026-01-14 05:00:00,1,1,52.02,5
2026-01-14 06:00:00,0,0,47.33,4
2026-01-14 07:00:00,1,1,50.38,2
2026-01-14 08:00:00,1,0,49.31,3
2026-01-14 09:00:00,1,0,45.43,4
2026-01-14 10:00:00,0,0,45.11,3
2026-01-14 11:00:00,1,0,48.43,3
2026-01-14 12:00:00,0,1,50.58,3
2026-01-14 13:00:00,1,0,49.59,3
2026-01-14 14:00:00,1,0,47.23,3
2026-01-14 15:00:00,0,0,45.92,4
2026-01-14 16:00:00,0,1,51.28,2
2026-01-14 17:00:00,0,1,51.65,3
2026-01-14 18:00:00,0,0,49.94,4
2026-01-14 19:00:00,1,0,48.27,3
2026-01-14 20:00:00,1,1,50.72,2
2026-01-14 21:00:00,1,1,54.95,5
2026-01-14 22:00:00,1,1,52.22,20
2026-01-14 23:00:00,0,0,49.38,7
2026-01-15 00:00:00,1,1,55.17,3
2026-01-15 01:00:00,1,1,54.29,3
2026-01-15 02:00:00,0,1,54.36,3
2026-01-15 03:00:00,0,1,53.36,2
2026-01-15 04:00:00,1,1,55.91,4
2026-01-15 05:00:00,0,1,53.83,3
2026-01-15 06:00:00,0,1,52.79,4
2026-01-15 07:00:00,1,1,54.09,3
2026-01-15 08:00:00,1,1,52.99,3
2026-01-15 09:00:00,0,0,47.77,3
2026-01-15 10:00:00,0,0,48.08,3
2026-01-15 11:00:00,0,1,50.72,3
2026-01-15 12:00:00,0,1,50.72,2
2026-01-15 13:00:00,0,0,47.84,3
2026-01-15 14:00:00,1,1,52.98,3
2026-01-15 15:00:00,1,1,50.31,2
2026-01-15 16:00:00,1,0,47.07,3
2026-01-15 17:00:00,1,0,46.92,2
2026-01-15 18:00:00,0,0,45.1,3
2026-01-15 19:00:00,0,0,47.31,2
2026-01-15 20:00:00,1,1,67.66,3
2026-01-15 21:00:00,0,0,47.44,5
2026-01-15 22:00:00,1,1,52.23,17
2026-01-15 23:00:00,0,0,45.19,12
2026-01-16 00:00:00,1,1,53.46,4
2026-01-16 01:00:00,1,0,46.56,3
2026-01-16 02:00:00,1,0,47.57,3
2026-01-16 03:00:00,0,0,44.86,3
2026-01-16 04:00:00,0,1,50.63,5
2026-01-16 05:00:00,1,1,50.08,4
2026-01-16 06:00:00,1,0,47.12,3
2026-01-16 07:00:00,0,0,45.64,4
2026-01-16 08:00:00,0,0,45.97,2
2026-01-16 09:00:00,1,0,44.82,3
2026-01-16 10:00:00,1,0,42.91,3
2026-01-16 11:00:00,0,0,46.51,3
2026-01-16 12:00:00,0,0,49.14,3
2026-01-16 13:00:00,0,0,49.05,3
2026-01-16 14:00:00,0,1,50.04,3
2026-01-16 15:00:00,1,1,50.24,3
2026-01-16 16:00:00,0,0,49.39,2
2026-01-16 17:00:00,0,1,53.95,2
2026-01-16 18:00:00,1,1,54.17,3
2026-01-16 19:00:00,1,1,51.18,3
2026-01-16 20:00:00,0,0,44.19,3
2026-01-16 21:00:00,0,1,67.71,3
2026-01-18 22:00:00,1,1,59.69,32
2026-01-18 23:00:00,1,0,48.83,24
2026-01-19 00:00:00,0,0,47.0,3
2026-01-19 01:00:00,0,1,53.06,4
2026-01-19 02:00:00,1,1,52.24,3
2026-01-19 03:00:00,1,0,44.01,3
2026-01-19 04:00:00,0,0,44.68,2
2026-01-19 05:00:00,1,1,53.85,3
2026-01-19 06:00:00,0,0,47.63,3
2026-01-19 07:00:00,0,1,51.23,3
2026-01-19 08:00:00,0,1,50.12,3
2026-01-19 09:00:00,0,0,48.27,3
2026-01-19 10:00:00,1,0,48.61,4
2026-01-19 11:00:00,0,0,47.56,3
2026-01-19 12:00:00,1,1,51.75,3
2026-01-19 13:00:00,1,0,46.07,3
2026-01-19 14:00:00,1,0,45.96,4
2026-01-19 15:00:00,1,0,46.09,3
2026-01-19 16:00:00,1,0,45.71,2
2026-01-19 17:00:00,0,0,46.39,2
2026-01-19 18:00:00,0,0,47.78,2
2026-01-19 19:00:00,1,0,46.22,3
2026-01-19 20:00:00,1,0,42.36,3
2026-01-19 21:00:00,0,0,48.05,5
2026-01-19 22:00:00,0,1,51.29,42
2026-01-19 23:00:00,1,1,53.16,6
2026-01-20 00:00:00,1,0,49.33,5
2026-01-20 01:00:00,1,0,48.16,4
2026-01-20 02:00:00,1,0,47.23,4
2026-01-20 03:00:00,1,0,43.9,2
2026-01-20 04:00:00,0,0,45.19,3
2026-01-20 05:00:00,1,0,47.39,5
2026-01-20 06:00:00,1,0,48.87,4
2026-01-20 07:00:00,1,0,49.93,3
2026-01-20 08:00:00,1,1,51.63,3
2026-01-20 09:00:00,1,0,47.87,3
2026-01-20 10:00:00,1,0,47.6,4
2026-01-20 11:00:00,0,0,48.99,4
2026-01-20 12:00:00,1,1,57.1,2
2026-01-20 13:00:00,0,0,43.88,3
2026-01-20 14:00:00,1,0,49.03,4
2026-01-20 15:00:00,1,0,45.41,4
2026-01-20 16:00:00,0,0,46.48,4
2026-01-20 17:00:00,0,1,53.38,4
2026-01-20 18:00:00,0,0,49.97,3
2026-01-20 19:00:00,1,1,51.27,2
2026-01-20 20:00:00,1,0,46.15,3
2026-01-20 21:00:00,0,0,45.35,5
2026-01-20 22:00:00,1,1,54.2,20
2026-01-20 23:00:00,0,0,47.16,18
2026-01-21 00:00:00,1,1,51.23,5
2026-01-21 01:00:00,0,0,47.39,4
2026-01-21 02:00:00,0,0,46.95,3
2026-01-21 03:00:00,0,1,57.17,4
2026-01-21 04:00:00,0,1,52.4,3
2026-01-21 05:00:00,1,0,48.2,4
2026-01-21 06:00:00,0,0,45.6,4
2026-01-21 07:00:00,0,0,48.85,5
2026-01-21 08:00:00,0,0,49.97,2
2026-01-21 09:00:00,1,1,50.88,3
2026-01-21 10:00:00,1,0,46.54,4
2026-01-21 11:00:00,1,0,46.9,3
2026-01-21 12:00:00,1,0,46.42,2
2026-01-21 13:00:00,0,0,44.37,2
2026-01-21 14:00:00,0,0,48.94,4
2026-01-21 15:00:00,1,1,51.56,3
2026-01-21 16:00:00,0,1,54.55,2
2026-01-21 17:00:00,0,1,50.95,3
2026-01-21 18:00:00,0,1,50.47,3
2026-01-21 19:00:00,0,0,47.87,3
2026-01-21 20:00:00,0,1,65.59,3
2026-01-21 21:00:00,1,1,66.11,3
2026-01-21 22:00:00,0,1,55.18,41
2026-01-21 23:00:00,1,1,58.63,7
2026-01-22 00:00:00,1,1,51.66,3
2026-01-22 01:00:00,0,1,52.46,3
2026-01-22 02:00:00,1,0,49.67,3
2026-01-22 03:00:00,1,0,48.07,3
2026-01-22 04:00:00,0,0,48.26,2
2026-01-22 05:00:00,1,1,52.72,3
2026-01-22 06:00:00,1,1,53.37,2
2026-01-22 07:00:00,0,1,51.85,2
2026-01-22 08:00:00,1,1,50.95,3
2026-01-22 09:00:00,1,0,48.69,3
2026-01-22 10:00:00,1,0,46.85,3
2026-01-22 11:00:00,1,0,46.35,3
2026-01-22 12:00:00,1,0,48.38,2
2026-01-22 13:00:00,1,0,45.56,3
2026-01-22 14:00:00,1,0,45.78,2
2026-01-22 15:00:00,1,0,47.43,5
2026-01-22 16:00:00,1,0,45.42,2
2026-01-22 17:00:00,1,0,46.19,3
2026-01-22 18:00:00,0,0,47.39,3
2026-01-22 19:00:00,1,0,47.7,2
2026-01-22 20:00:00,1,0,40.21,3
2026-01-22 21:00:00,1,0,41.6,3
2026-01-22 22:00:00,0,0,46.43,22
2026-01-22 23:00:00,0,0,48.12,8
2026-01-23 00:00:00,1,1,51.05,3
2026-01-23 01:00:00,0,0,47.99,3
2026-01-23 02:00:00,0,1,50.46,3
2026-01-23 03:00:00,1,0,46.72,2
2026-01-23 04:00:00,1,0,45.35,2
2026-01-23 05:00:00,0,0,46.36,3
2026-01-23 06:00:00,0,1,54.06,4
2026-01-23 07:00:00,1,1,54.02,3
2026-01-23 08:00:00,0,0,47.04,3
2026-01-23 09:00:00,0,0,49.34,4
2026-01-23 10:00:00,1,0,49.49,3
2026-01-23 11:00:00,1,0,47.25,3
2026-01-23 12:00:00,0,1,50.74,3
2026-01-23 13:00:00,1,1,50.79,2
2026-01-23 14:00:00,1,0,46.46,3
2026-01-23 15:00:00,1,0,45.99,3
2026-01-23 16:00:00,1,0,47.84,2
2026-01-23 17:00:00,0,0,47.83,2
2026-01-23 18:00:00,1,0,49.36,3
2026-01-23 19:00:00,1,0,44.0,2
2026-01-23 20:00:00,1,0,41.16,2
2026-01-23 21:00:00,1,0,40.91,3
2026-01-25 22:00:00,0,0,42.01,27
2026-01-25 23:00:00,1,0,48.81,13
2026-01-26 00:00:00,0,0,46.3,4
2026-01-26 01:00:00,1,0,48.83,3
2026-01-26 02:00:00,0,0,49.88,3
2026-01-26 03:00:00,0,1,52.91,3
2026-01-26 04:00:00,1,1,53.08,2
2026-01-26 05:00:00,0,0,43.46,3
2026-01-26 06:00:00,0,0,49.88,3
2026-01-26 07:00:00,1,1,52.77,2
2026-01-26 08:00:00,1,0,43.62,3
2026-01-26 09:00:00,0,0,43.79,4
2026-01-26 10:00:00,0,0,47.56,2
2026-01-26 11:00:00,0,1,51.44,2
2026-01-26 12:00:00,1,1,50.48,2
2026-01-26 13:00:00,1,0,44.26,2
2026-01-26 14:00:00,1,0,46.12,2
2026-01-26 15:00:00,0,0,45.7,2
2026-01-26 16:00:00,0,1,51.5,3
2026-01-26 17:00:00,0,1,50.82,2
2026-01-26 18:00:00,1,0,47.87,2
2026-01-26 19:00:00,1,0,47.71,2
2026-01-26 20:00:00,0,0,43.33,2
2026-01-26 21:00:00,0,1,52.85,4
2026-01-26 22:00:00,0,1,53.05,26
2026-01-26 23:00:00,1,0,49.56,19
2026-01-27 00:00:00,1,0,48.28,4
2026-01-27 01:00:00,1,0,48.11,3
2026-01-27 02:00:00,0,0,46.24,3
2026-01-27 03:00:00,0,0,48.33,3
2026-01-27 04:00:00,1,1,52.86,3
2026-01-27 05:00:00,0,0,48.16,2
2026-01-27 06:00:00,0,1,53.5,3
2026-01-27 07:00:00,0,0,49.41,3
2026-01-27 08:00:00,1,0,48.15,3
2026-01-27 09:00:00,0,0,44.51,2
2026-01-27 10:00:00,1,0,47.99,3
2026-01-27 11:00:00,1,0,45.16,3
2026-01-27 12:00:00,0,0,48.62,2
2026-01-27 13:00:00,1,0,48.62,3
2026-01-27 14:00:00,1,0,46.29,3
2026-01-27 15:00:00,1,0,45.91,3
2026-01-27 16:00:00,1,0,45.1,2
2026-01-27 17:00:00,0,0,42.7,3
2026-01-27 18:00:00,0,0,47.04,3
2026-01-27 19:00:00,1,0,44.69,2
2026-01-27 20:00:00,1,0,42.95,2
2026-01-27 21:00:00,1,0,38.24,7
2026-01-27 22:00:00,0,0,38.43,69
2026-01-27 23:00:00,0,0,47.31,18
2026-01-28 00:00:00,0,0,47.08,3
2026-01-28 01:00:00,1,0,49.7,3
2026-01-28 02:00:00,0,1,65.49,3
2026-01-28 03:00:00,1,1,55.87,3
2026-01-28 04:00:00,0,0,47.44,3
2026-01-28 05:00:00,0,1,51.99,3
2026-01-28 06:00:00,0,1,53.38,3
2026-01-28 07:00:00,0,0,49.58,3
2026-01-28 08:00:00,1,0,49.03,3
2026-01-28 09:00:00,1,0,45.73,2
2026-01-28 10:00:00,0,1,50.03,2
2026-01-28 11:00:00,1,0,46.89,3
2026-01-28 12:00:00,0,1,50.99,2
2026-01-28 13:00:00,1,0,48.48,2
2026-01-28 14:00:00,0,0,46.51,2
2026-01-28 15:00:00,0,1,52.7,2
2026-01-28 16:00:00,1,1,53.97,2
2026-01-28 17:00:00,0,1,52.28,2
2026-01-28 18:00:00,1,1,51.29,2
2026-01-28 19:00:00,1,0,47.75,7
2026-01-28 20:00:00,1,1,50.39,3
2026-01-28 21:00:00,1,0,45.67,3
2026-01-28 22:00:00,1,1,50.18,20
2026-01-28 23:00:00,0,0,47.25,6
2026-01-29 00:00:00,0,1,50.84,3
2026-01-29 01:00:00,1,1,54.43,3
2026-01-29 02:00:00,1,0,45.75,3
2026-01-29 03:00:00,1,0,45.67,2
2026-01-29 04:00:00,0,0,46.39,3
2026-01-29 05:00:00,1,1,51.82,3
2026-01-29 06:00:00,0,0,46.92,4
2026-01-29 07:00:00,0,1,53.68,3
2026-01-29 08:00:00,0,1,50.66,3
2026-01-29 09:00:00,0,1,51.42,3
2026-01-29 10:00:00,1,1,51.92,3
2026-01-29 11:00:00,1,0,49.13,2
2026-01-29 12:00:00,0,0,49.54,3
2026-01-29 13:00:00,1,1,50.28,3
2026-01-29 14:00:00,0,0,46.73,2
2026-01-29 15:00:00,1,1,51.73,3
2026-01-29 16:00:00,1,0,48.69,3
2026-01-29 17:00:00,1,0,47.32,2
2026-01-29 18:00:00,0,0,46.75,3
2026-01-29 19:00:00,1,1,51.34,2
2026-01-29 20:00:00,1,0,43.45,3
2026-01-29 21:00:00,0,0,42.92,3
2026-01-29 22:00:00,0,1,54.01,25
2026-01-29 23:00:00,0,1,53.39,9
2026-01-30 00:00:00,0,1,57.6,3
2026-01-30 01:00:00,1,1,58.39,3
2026-01-30 02:00:00,1,1,53.16,3
2026-01-30 03:00:00,1,1,53.72,3
2026-01-30 04:00:00,1,1,52.03,3
2026-01-30 05:00:00,0,1,50.51,3
2026-01-30 06:00:00,1,1,51.97,3
2026-01-30 07:00:00,0,0,49.49,4
2026-01-30 08:00:00,0,1,53.14,4
2026-01-30 09:00:00,1,1,50.06,5
2026-01-30 10:00:00,1,0,48.84,3
2026-01-30 11:00:00,0,0,47.72,2
2026-01-30 12:00:00,0,1,51.49,2
2026-01-30 13:00:00,0,1,51.52,4
2026-01-30 14:00:00,0,1,51.94,3
2026-01-30 15:00:00,0,1,52.62,3
2026-01-30 16:00:00,0,1,53.75,3
2026-01-30 17:00:00,1,1,52.36,2
2026-01-30 18:00:00,0,1,50.64,2
2026-01-30 19:00:00,0,1,51.59,2
2026-01-30 20:00:00,0,1,62.86,2
2026-01-30 21:00:00,0,1,58.91,3
2026-02-01 22:00:00,0,1,52.09,38
2026-02-01 23:00:00,1,1,53.56,23
2026-02-02 00:00:00,1,1,54.32,3
2026-02-02 01:00:00,0,1,51.62,3
2026-02-02 02:00:00,1,1,54.0,3
2026-02-02 03:00:00,0,0,49.29,3
2026-02-02 04:00:00,0,1,52.12,3
2026-02-02 05:00:00,1,1,54.75,3
2026-02-02 06:00:00,0,1,51.79,3
2026-02-02 07:00:00,0,1,53.07,3
2026-02-02 08:00:00,1,1,51.45,3
2026-02-02 09:00:00,1,0,47.46,3
2026-02-02 10:00:00,0,0,44.79,3
2026-02-02 11:00:00,0,0,48.31,3
2026-02-02 12:00:00,0,1,52.31,2
2026-02-02 13:00:00,1,0,49.78,3
2026-02-02 14:00:00,0,1,50.21,2
2026-02-02 15:00:00,1,1,51.21,4
2026-02-02 16:00:00,0,0,49.98,2
2026-02-02 17:00:00,0,1,52.3,3
2026-02-02 18:00:00,1,1,52.83,3
2026-02-02 19:00:00,1,0,49.14,2
2026-02-02 20:00:00,0,1,54.32,3
2026-02-02 21:00:00,0,1,60.56,4
2026-02-02 22:00:00,1,1,57.48,34
2026-02-02 23:00:00,1,1,50.87,15
2026-02-03 00:00:00,1,0,49.79,3
2026-02-03 01:00:00,0,0,45.91,3
2026-02-03 02:00:00,1,0,49.02,3
2026-02-03 03:00:00,0,0,49.16,4
2026-02-03 04:00:00,0,1,52.99,3
2026-02-03 05:00:00,1,1,53.77,2
2026-02-03 06:00:00,1,0,47.32,2
2026-02-03 07:00:00,0,0,49.53,2
2026-02-03 08:00:00,0,1,51.67,3
2026-02-03 09:00:00,0,1,50.31,3
2026-02-03 10:00:00,1,1,50.82,2
2026-02-03 11:00:00,1,1,50.67,2
2026-02-03 12:00:00,0,0,48.43,2
2026-02-03 13:00:00,0,1,50.02,2
2026-02-03 14:00:00,1,1,51.77,3
2026-02-03 15:00:00,1,0,47.02,3
2026-02-03 16:00:00,0,0,43.03,2
2026-02-03 17:00:00,0,1,51.58,3
2026-02-03 18:00:00,1,1,53.72,2
2026-02-03 19:00:00,1,0,44.28,3
2026-02-03 20:00:00,0,0,40.15,3
2026-02-03 21:00:00,0,1,59.0,4
2026-02-03 22:00:00,0,1,52.53,54
2026-02-03 23:00:00,0,0,49.35,13
2026-02-04 00:00:00,1,1,51.39,3
2026-02-04 01:00:00,0,0,47.1,3
2026-02-04 02:00:00,1,1,51.38,3
2026-02-04 03:00:00,1,0,44.99,3
2026-02-04 04:00:00,0,0,43.71,3
2026-02-04 05:00:00,0,0,49.06,3
2026-02-04 06:00:00,1,1,50.53,3
2026-02-04 07:00:00,0,0,47.81,3
2026-02-04 08:00:00,0,0,49.82,2
2026-02-04 09:00:00,0,1,52.36,3
2026-02-04 10:00:00,0,1,50.31,4
2026-02-04 11:00:00,1,1,51.67,2
2026-02-04 12:00:00,1,0,48.02,3
2026-02-04 13:00:00,0,0,48.1,2
2026-02-04 14:00:00,0,1,51.48,2
2026-02-04 15:00:00,1,1,52.39,4
2026-02-04 16:00:00,0,0,49.37,3
2026-02-04 17:00:00,1,1,51.89,3
2026-02-04 18:00:00,1,0,48.85,3
2026-02-04 19:00:00,0,0,47.42,2
2026-02-04 20:00:00,1,1,55.21,3
2026-02-04 21:00:00,0,0,47.87,3
2026-02-04 22:00:00,0,1,53.69,25
2026-02-04 23:00:00,1,1,51.98,18
2026-02-05 00:00:00,0,1,54.66,4
2026-02-05 01:00:00,0,1,53.95,3
2026-02-05 02:00:00,1,1,56.89,3
2026-02-05 03:00:00,0,1,50.68,4
2026-02-05 04:00:00,1,1,56.63,3
2026-02-05 05:00:00,1,1,50.07,4
2026-02-05 06:00:00,1,0,49.83,3
2026-02-05 07:00:00,1,0,47.3,3
2026-02-05 08:00:00,0,0,47.21,3
2026-02-05 09:00:00,1,1,50.57,3
2026-02-05 10:00:00,1,0,47.82,3
2026-02-05 11:00:00,1,0,47.71,3
2026-02-05 12:00:00,1,0,48.22,2
2026-02-05 13:00:00,0,0,44.81,3
2026-02-05 14:00:00,0,0,49.34,3
2026-02-05 15:00:00,1,1,51.43,4
2026-02-05 16:00:00,0,0,46.17,2
2026-02-05 17:00:00,0,0,48.67,3
2026-02-05 18:00:00,1,0,49.87,3
2026-02-05 19:00:00,0,0,46.88,3
2026-02-05 20:00:00,0,1,59.64,2
2026-02-05 21:00:00,1,1,63.04,3
2026-02-05 22:00:00,0,1,51.68,17
2026-02-05 23:00:00,1,1,54.58,13
2026-02-06 00:00:00,1,1,53.51,4
2026-02-06 01:00:00,1,0,48.49,3
2026-02-06 02:00:00,0,0,49.69,4
2026-02-06 03:00:00,1,1,51.59,3
2026-02-06 04:00:00,1,0,47.25,3
2026-02-06 05:00:00,0,0,47.54,3
2026-02-06 06:00:00,0,0,47.37,4
2026-02-06 07:00:00,1,0,49.9,4
2026-02-06 08:00:00,0,0,49.88,3
2026-02-06 09:00:00,1,0,48.05,3
2026-02-06 10:00:00,0,0,48.08,3
2026-02-06 11:00:00,1,0,48.64,2
2026-02-06 12:00:00,1,0,45.83,3
2026-02-06 13:00:00,1,1,50.2,3
2026-02-06 14:00:00,0,0,47.48,3
2026-02-06 15:00:00,0,0,47.76,3
2026-02-06 16:00:00,1,1,50.75,3
2026-02-06 17:00:00,1,0,46.27,3
2026-02-06 18:00:00,0,0,45.86,3
2026-02-06 19:00:00,1,0,44.24,3
2026-02-06 20:00:00,0,0,40.56,4
2026-02-06 21:00:00,1,1,60.24,3
2026-02-08 22:00:00,1,0,46.25,42
2026-02-08 23:00:00,1,0,48.43,18
2026-02-09 00:00:00,0,0,47.22,3
2026-02-09 01:00:00,0,0,49.93,3
2026-02-09 02:00:00,0,0,49.57,3
2026-02-09 03:00:00,1,0,49.7,4
2026-02-09 04:00:00,1,0,46.26,3
2026-02-09 05:00:00,1,0,45.06,4
2026-02-09 06:00:00,1,0,48.13,4
2026-02-09 07:00:00,1,0,47.21,3
2026-02-09 08:00:00,0,0,47.94,2
2026-02-09 09:00:00,0,0,47.34,2
2026-02-09 10:00:00,1,0,49.92,3
2026-02-09 11:00:00,1,0,45.15,3
2026-02-09 12:00:00,1,0,46.39,3
2026-02-09 13:00:00,1,0,49.54,3
2026-02-09 14:00:00,0,0,44.38,3
2026-02-09 15:00:00,0,1,51.75,3
2026-02-09 16:00:00,1,1,55.13,3
2026-02-09 17:00:00,1,0,48.07,3
2026-02-09 18:00:00,1,0,45.31,3
2026-02-09 19:00:00,0,0,40.92,2
2026-02-09 20:00:00,0,1,53.55,3
2026-02-09 21:00:00,0,0,48.62,4
2026-02-09 22:00:00,0,1,51.05,21
2026-02-09 23:00:00,0,1,50.32,17
2026-02-10 00:00:00,1,1,52.56,3
2026-02-10 01:00:00,1,0,47.05,3
2026-02-10 02:00:00,0,0,46.38,3
2026-02-10 03:00:00,0,0,48.76,4
2026-02-10 04:00:00,1,1,52.07,3
2026-02-10 05:00:00,0,0,48.31,4
2026-02-10 06:00:00,1,1,52.02,2
2026-02-10 07:00:00,1,0,48.2,2
2026-02-10 08:00:00,1,0,49.11,3
2026-02-10 09:00:00,0,0,47.59,3
2026-02-10 10:00:00,0,0,46.38,3
2026-02-10 11:00:00,0,1,51.44,3
2026-02-10 12:00:00,1,1,50.98,3
2026-02-10 13:00:00,1,0,46.69,3
2026-02-10 14:00:00,0,0,47.08,3
2026-02-10 15:00:00,0,0,48.43,3
2026-02-10 16:00:00,0,1,51.17,2
2026-02-10 17:00:00,0,0,48.66,2
2026-02-10 18:00:00,1,1,50.98,2
2026-02-10 19:00:00,0,0,45.13,2
2026-02-10 20:00:00,0,1,61.0,3
2026-02-10 21:00:00,0,1,60.26,4
2026-02-10 22:00:00,0,1,55.01,26
2026-02-10 23:00:00,1,1,50.77,9
2026-02-11 00:00:00,1,1,51.3,3
2026-02-11 01:00:00,1,1,50.67,4
2026-02-11 02:00:00,1,0,46.51,3
2026-02-11 03:00:00,0,0,44.62,2
2026-02-11 04:00:00,1,0,49.44,3
2026-02-11 05:00:00,0,0,44.81,2
2026-02-11 06:00:00,1,0,49.65,3
2026-02-11 07:00:00,1,0,46.36,3
2026-02-11 08:00:00,0,0,46.65,2
2026-02-11 09:00:00,1,0,48.0,2
2026-02-11 10:00:00,0,0,46.47,2
2026-02-11 11:00:00,0,0,48.07,3
2026-02-11 12:00:00,0,1,51.37,3
2026-02-11 13:00:00,0,0,49.35,2
2026-02-11 14:00:00,0,1,51.51,3
2026-02-11 15:00:00,1,1,53.11,3
2026-02-11 16:00:00,1,0,47.73,3
2026-02-11 17:00:00,0,0,47.52,3
2026-02-11 18:00:00,0,1,52.65,2
2026-02-11 19:00:00,0,0,48.47,3
2026-02-11 20:00:00,1,1,65.12,3
2026-02-11 21:00:00,1,1,54.82,3
2026-02-11 22:00:00,1,1,51.6,26
2026-02-11 23:00:00,1,1,50.73,18
2026-02-12 00:00:00,1,1,52.35,3
2026-02-12 01:00:00,0,1,50.14,3
2026-02-12 02:00:00,0,1,51.91,3
2026-02-12 03:00:00,0,1,53.87,3
2026-02-12 04:00:00,1,1,57.67,3
2026-02-12 05:00:00,0,1,51.37,3
2026-02-12 06:00:00,1,1,52.36,3
2026-02-12 07:00:00,1,0,48.09,3
2026-02-12 08:00:00,1,0,47.49,3
2026-02-12 09:00:00,0,0,44.86,3
2026-02-12 10:00:00,1,0,49.53,2
2026-02-12 11:00:00,0,0,45.95,2
2026-02-12 12:00:00,1,1,51.89,3
2026-02-12 13:00:00,0,0,46.21,3
2026-02-12 14:00:00,1,0,49.02,3
2026-02-12 15:00:00,0,0,46.3,3
2026-02-12 16:00:00,0,1,52.14,3
2026-02-12 17:00:00,0,1,50.05,2
2026-02-12 18:00:00,1,0,49.76,3
2026-02-12 19:00:00,0,0,48.64,3
2026-02-12 20:00:00,1,1,53.1,3
2026-02-12 21:00:00,1,1,53.42,5
2026-02-12 22:00:00,0,1,52.96,29
2026-02-12 23:00:00,1,1,52.41,12
2026-02-13 00:00:00,0,0,48.2,3
2026-02-13 01:00:00,1,1,53.23,3
2026-02-13 02:00:00,0,1,50.91,4
2026-02-13 03:00:00,0,1,51.97,4
2026-02-13 04:00:00,0,1,52.77,2
2026-02-13 05:00:00,0,1,54.34,3
2026-02-13 06:00:00,1,1,53.18,3
2026-02-13 07:00:00,1,1,53.07,4
2026-02-13 08:00:00,0,0,49.2,3
2026-02-13 09:00:00,0,0,48.02,2
2026-02-13 10:00:00,1,1,50.25,3
2026-02-13 11:00:00,1,0,47.9,3
2026-02-13 12:00:00,1,0,46.69,2
2026-02-13 13:00:00,0,0,49.83,2
2026-02-13 14:00:00,0,1,50.64,4
2026-02-13 15:00:00,1,1,53.81,2
2026-02-13 16:00:00,1,0,41.76,3
2026-02-13 17:00:00,0,0,44.5,2
2026-02-13 18:00:00,0,0,47.76,2
2026-02-13 19:00:00,1,1,51.65,3
2026-02-13 20:00:00,0,0,40.86,3
2026-02-13 21:00:00,1,1,63.04,4
2026-02-15 22:00:00,0,0,48.33,26
2026-02-15 23:00:00,0,1,53.12,19
2026-02-16 00:00:00,1,1,52.49,3
2026-02-16 01:00:00,0,1,50.01,3
2026-02-16 02:00:00,1,1,50.81,3
2026-02-16 03:00:00,0,0,48.65,2
2026-02-16 04:00:00,1,1,51.91,4
2026-02-16 05:00:00,1,0,49.2,2
2026-02-16 06:00:00,0,0,49.39,3
2026-02-16 07:00:00,1,1,50.97,3
2026-02-16 08:00:00,0,0,48.26,3
2026-02-16 09:00:00,1,0,48.56,3
2026-02-16 10:00:00,0,0,46.43,4
2026-02-16 11:00:00,0,1,50.9,2
2026-02-16 12:00:00,1,0,49.99,3
2026-02-16 13:00:00,1,1,53.4,2
2026-02-16 14:00:00,0,0,49.48,3
2026-02-16 15:00:00,0,1,52.58,3
2026-02-16 16:00:00,0,1,53.86,3
2026-02-16 17:00:00,1,1,56.26,3
2026-02-16 18:00:00,1,1,54.43,3
2026-02-16 19:00:00,0,0,45.07,5
2026-02-16 20:00:00,0,1,55.68,2
2026-02-16 21:00:00,0,1,63.95,3
2026-02-16 22:00:00,1,1,56.65,26
2026-02-16 23:00:00,0,1,52.53,17
2026-02-17 00:00:00,1,1,57.01,4
2026-02-17 01:00:00,0,1,57.17,3
2026-02-17 02:00:00,0,1,54.45,3
2026-02-17 03:00:00,0,1,58.31,3
2026-02-17 04:00:00,1,1,59.07,3
2026-02-17 05:00:00,1,1,51.14,3
2026-02-17 06:00:00,0,0,49.0,4
2026-02-17 07:00:00,1,1,52.97,3
2026-02-17 08:00:00,1,0,48.11,3
2026-02-17 09:00:00,0,0,43.71,4
2026-02-17 10:00:00,0,0,44.4,3
2026-02-17 11:00:00,0,1,52.14,2
2026-02-17 12:00:00,0,1,50.52,3
2026-02-17 13:00:00,1,1,51.44,2
2026-02-17 14:00:00,0,1,53.38,3
2026-02-17 15:00:00,1,1,51.72,3
2026-02-17 16:00:00,1,0,48.24,2
2026-02-17 17:00:00,1,0,43.95,2
2026-02-17 18:00:00,0,0,41.95,3
2026-02-17 19:00:00,1,0,46.36,2
2026-02-17 20:00:00,1,0,38.81,3
2026-02-17 21:00:00,0,0,40.16,4
2026-02-17 22:00:00,0,1,52.55,22
2026-02-17 23:00:00,0,1,50.81,11
2026-02-18 00:00:00,0,1,51.05,4
2026-02-18 01:00:00,0,1,52.46,3
2026-02-18 02:00:00,0,1,50.16,3
2026-02-18 03:00:00,1,1,50.95,3
2026-02-18 04:00:00,1,1,51.96,2
2026-02-18 05:00:00,0,0,48.53,5
2026-02-18 06:00:00,0,0,49.37,2
2026-02-18 07:00:00,0,1,54.89,3
2026-02-18 08:00:00,1,1,52.34,2
2026-02-18 09:00:00,0,1,51.77,3
2026-02-18 10:00:00,1,1,52.35,2
2026-02-18 11:00:00,1,1,53.01,2
2026-02-18 12:00:00,0,0,45.91,3
2026-02-18 13:00:00,0,1,51.5,2
2026-02-18 14:00:00,1,1,50.89,3
2026-02-18 15:00:00,0,1,50.5,3
2026-02-18 16:00:00,0,1,51.84,2
2026-02-18 17:00:00,0,1,52.17,3
2026-02-18 18:00:00,0,1,53.09,3
2026-02-18 19:00:00,0,1,54.42,3
2026-02-18 20:00:00,0,1,66.85,3
2026-02-18 21:00:00,1,1,65.61,3
2026-02-18 22:00:00,1,1,54.9,26
2026-02-18 23:00:00,1,1,52.31,11
2026-02-19 00:00:00,1,1,55.1,3
2026-02-19 01:00:00,0,0,48.56,2
2026-02-19 02:00:00,0,1,55.41,5
2026-02-19 03:00:00,0,1,53.51,3
2026-02-19 04:00:00,1,1,52.98,3
2026-02-19 05:00:00,1,0,49.55,3
2026-02-19 06:00:00,1,1,50.55,2
2026-02-19 07:00:00,1,0,47.56,3
2026-02-19 08:00:00,0,0,46.07,2
2026-02-19 09:00:00,0,0,48.61,4
2026-02-19 10:00:00,0,1,51.65,3
2026-02-19 11:00:00,0,1,51.25,2
2026-02-19 12:00:00,0,0,49.48,3
2026-02-19 13:00:00,0,1,50.86,2
2026-02-19 14:00:00,1,1,51.87,3
2026-02-19 15:00:00,0,1,50.33,3
2026-02-19 16:00:00,1,1,53.62,3
2026-02-19 17:00:00,1,0,47.29,2
2026-02-19 18:00:00,0,1,52.29,2
2026-02-19 19:00:00,1,1,52.77,2
2026-02-19 20:00:00,1,0,43.51,3
2026-02-19 21:00:00,0,0,46.88,3
2026-02-19 22:00:00,0,1,52.19,38
2026-02-19 23:00:00,1,1,50.92,11
2026-02-20 00:00:00,0,0,47.48,3
2026-02-20 01:00:00,0,1,56.5,3
2026-02-20 02:00:00,1,1,55.38,3
2026-02-20 03:00:00,0,1,51.34,2
2026-02-20 04:00:00,1,1,55.66,2
2026-02-20 05:00:00,0,1,54.01,4
2026-02-20 06:00:00,0,1,53.39,3
2026-02-20 07:00:00,1,1,53.46,3
2026-02-20 08:00:00,1,0,48.59,2
2026-02-20 09:00:00,0,0,46.7,3
2026-02-20 10:00:00,1,0,47.46,3
2026-02-20 11:00:00,0,0,45.03,2
2026-02-20 12:00:00,1,0,49.37,3
2026-02-20 13:00:00,0,0,44.91,2
2026-02-20 14:00:00,1,0,49.19,3
2026-02-20 15:00:00,0,0,42.76,3
2026-02-20 16:00:00,1,1,53.98,2
2026-02-20 17:00:00,1,0,47.98,3
2026-02-20 18:00:00,0,0,43.9,2
2026-02-20 19:00:00,1,1,53.4,3
2026-02-20 20:00:00,0,0,41.82,3
2026-02-20 21:00:00,1,1,57.93,3
2026-02-22 22:00:00,1,0,45.64,92
2026-02-22 23:00:00,0,0,48.62,26
2026-02-23 00:00:00,0,1,53.91,3
2026-02-23 01:00:00,1,1,53.89,2
2026-02-23 02:00:00,0,0,45.54,2
2026-02-23 03:00:00,0,1,53.54,2
2026-02-23 04:00:00,0,0,49.7,3
2026-02-23 05:00:00,1,0,49.87,3
2026-02-23 06:00:00,0,0,46.0,3
2026-02-23 07:00:00,0,0,49.1,3
2026-02-23 08:00:00,0,0,49.47,2
2026-02-23 09:00:00,0,0,47.53,5
2026-02-23 10:00:00,0,0,47.05,3
2026-02-23 11:00:00,0,1,50.89,2
2026-02-23 12:00:00,1,1,51.03,3
2026-02-23 13:00:00,1,0,49.33,3
2026-02-23 14:00:00,0,0,46.67,3
2026-02-23 15:00:00,1,1,53.53,3
2026-02-23 16:00:00,0,0,45.74,2
2026-02-23 17:00:00,0,1,52.59,3
2026-02-23 18:00:00,0,1,50.96,2
2026-02-23 19:00:00,0,1,51.23,2
2026-02-23 20:00:00,0,1,61.13,2
2026-02-23 21:00:00,1,1,64.88,4
2026-02-23 22:00:00,1,1,53.29,15
2026-02-23 23:00:00,0,1,51.39,15
2026-02-24 00:00:00,0,1,52.53,4
2026-02-24 01:00:00,1,1,52.65,4
2026-02-24 02:00:00,0,1,53.48,3
2026-02-24 03:00:00,0,1,56.59,3
2026-02-24 04:00:00,1,1,58.62,4
2026-02-24 05:00:00,1,0,48.01,3
2026-02-24 06:00:00,0,1,51.29,3
2026-02-24 07:00:00,1,1,51.81,3
2026-02-24 08:00:00,1,0,47.96,3
2026-02-24 09:00:00,0,0,47.77,3
2026-02-24 10:00:00,0,0,48.36,2
2026-02-24 11:00:00,1,0,48.94,3
2026-02-24 12:00:00,0,0,49.23,3
2026-02-24 13:00:00,1,1,51.29,2
2026-02-24 14:00:00,0,1,52.05,2
2026-02-24 15:00:00,1,1,52.92,3
2026-02-24 16:00:00,0,0,43.73,2
2026-02-24 17:00:00,0,1,52.19,3
2026-02-24 18:00:00,1,1,52.22,2
2026-02-24 19:00:00,0,0,44.41,2
2026-02-24 20:00:00,0,1,63.06,2
2026-02-24 21:00:00,1,1,65.58,4
2026-02-24 22:00:00,1,1,53.74,21
2026-02-24 23:00:00,1,1,51.84,13
2026-02-25 00:00:00,1,0,48.8,4
2026-02-25 01:00:00,1,1,50.86,2
2026-02-25 02:00:00,0,0,49.09,4
2026-02-25 03:00:00,1,0,47.46,3
2026-02-25 04:00:00,1,0,44.02,3
2026-02-25 05:00:00,1,0,44.52,3
2026-02-25 06:00:00,0,0,47.13,3
2026-02-25 07:00:00,0,1,50.07,4
2026-02-25 08:00:00,0,1,50.93,3
2026-02-25 09:00:00,0,0,48.17,2
2026-02-25 10:00:00,0,1,50.94,3
2026-02-25 11:00:00,1,1,50.19,3
2026-02-25 12:00:00,0,0,48.06,3
2026-02-25 13:00:00,1,1,52.47,2
2026-02-25 14:00:00,1,0,47.89,3
2026-02-25 15:00:00,1,0,45.24,3
2026-02-25 16:00:00,1,0,45.76,3
2026-02-25 17:00:00,0,0,43.98,2
2026-02-25 18:00:00,1,1,50.07,3
2026-02-25 19:00:00,1,0,43.74,2
2026-02-25 20:00:00,1,0,45.36,3
2026-02-25 21:00:00,0,0,43.21,4
2026-02-25 22:00:00,1,1,51.48,27
2026-02-25 23:00:00,1,0,46.4,12
2026-02-26 00:00:00,1,0,48.08,3
2026-02-26 01:00:00,0,0,48.86,2
2026-02-26 02:00:00,0,0,48.72,3
2026-02-26 03:00:00,1,0,45.75,3
2026-02-26 04:00:00,1,0,47.77,3
2026-02-26 05:00:00,0,0,47.36,2
2026-02-26 06:00:00,0,0,47.41,2
2026-02-26 07:00:00,0,0,48.95,2
2026-02-26 08:00:00,0,1,51.75,3
2026-02-26 09:00:00,1,1,51.75,2
2026-02-26 10:00:00,1,1,51.39,3
2026-02-26 11:00:00,1,1,52.82,3
2026-02-26 12:00:00,0,0,47.89,2
2026-02-26 13:00:00,1,1,50.1,3
2026-02-26 14:00:00,0,0,46.61,3
2026-02-26 15:00:00,0,1,53.72,3
2026-02-26 16:00:00,0,1,53.59,3
2026-02-26 17:00:00,1,1,50.21,3
2026-02-26 18:00:00,1,0,48.6,3
2026-02-26 19:00:00,1,0,47.08,3
2026-02-26 20:00:00,0,0,44.78,3
2026-02-26 21:00:00,0,1,59.68,4
2026-02-26 22:00:00,1,1,54.24,31
2026-02-26 23:00:00,0,0,49.25,12
2026-02-27 00:00:00,0,1,52.44,4
2026-02-27 01:00:00,1,1,53.34,4
2026-02-27 02:00:00,1,0,47.76,4
2026-02-27 03:00:00,1,0,47.27,3
2026-02-27 04:00:00,0,0,46.44,4
2026-02-27 05:00:00,0,1,50.7,4
2026-02-27 06:00:00,1,0,49.23,4
2026-02-27 07:00:00,0,0,46.32,4
2026-02-27 08:00:00,0,1,50.06,3
2026-02-27 09:00:00,1,1,53.22,4
2026-02-27 10:00:00,1,0,49.87,3
2026-02-27 11:00:00,1,0,49.4,3
2026-02-27 12:00:00,0,0,48.2,3
2026-02-27 13:00:00,1,1,54.23,3
2026-02-27 14:00:00,1,1,50.69,3
2026-02-27 15:00:00,1,1,50.01,3
2026-02-27 16:00:00,0,1,52.04,2
2026-02-27 17:00:00,1,0,49.65,3
2026-02-27 18:00:00,1,0,48.49,3
2026-02-27 19:00:00,0,0,43.56,3
2026-02-27 20:00:00,0,1,50.17,3
2026-02-27 21:00:00,0,1,52.56,4
2026-03-01 22:00:00,0,1,62.07,32
2026-03-01 23:00:00,1,1,60.27,16
2026-03-02 00:00:00,1,1,52.52,4
2026-03-02 01:00:00,0,0,48.27,4
2026-03-02 02:00:00,0,1,51.09,3
2026-03-02 03:00:00,0,1,51.19,4
2026-03-02 04:00:00,0,1,51.52,3
2026-03-02 05:00:00,0,1,54.05,3
2026-03-02 06:00:00,0,1,50.76,4
2026-03-02 07:00:00,1,1,53.53,4
2026-03-02 08:00:00,1,0,47.42,3
2026-03-02 09:00:00,1,0,45.5,4
2026-03-02 10:00:00,0,0,47.36,3
2026-03-02 11:00:00,0,1,51.92,3
2026-03-02 12:00:00,0,1,55.49,3
2026-03-02 13:00:00,1,1,54.92,3
2026-03-02 14:00:00,0,0,49.34,3
2026-03-02 15:00:00,1,1,56.2,4
2026-03-02 16:00:00,1,0,48.22,3
2026-03-02 17:00:00,0,1,50.44,3
2026-03-02 18:00:00,1,1,50.74,3
2026-03-02 19:00:00,0,0,47.13,3
2026-03-02 20:00:00,0,1,62.03,3
2026-03-02 21:00:00,0,1,57.66,3
2026-03-02 22:00:00,1,1,52.5,47
2026-03-02 23:00:00,1,0,49.8,17
2026-03-03 00:00:00,1,1,52.84,4
2026-03-03 01:00:00,0,1,51.1,3
2026-03-03 02:00:00,0,1,52.05,4
2026-03-03 03:00:00,0,1,54.49,3
2026-03-03 04:00:00,0,1,58.88,4
2026-03-03 05:00:00,1,1,54.0,4
2026-03-03 06:00:00,0,1,52.34,4
2026-03-03 07:00:00,0,1,55.82,3
2026-03-03 08:00:00,0,1,51.2,3
2026-03-03 09:00:00,0,1,52.89,3
2026-03-03 10:00:00,1,1,50.92,3
2026-03-03 11:00:00,1,0,46.11,3
2026-03-03 12:00:00,0,0,49.64,3
2026-03-03 13:00:00,0,1,53.27,3
2026-03-03 14:00:00,1,1,51.41,3
2026-03-03 15:00:00,1,0,47.41,3
2026-03-03 16:00:00,0,0,36.55,2
2026-03-03 17:00:00,1,1,52.12,3
2026-03-03 18:00:00,0,0,39.0,3
2026-03-03 19:00:00,1,0,44.1,3
2026-03-03 20:00:00,0,0,39.41,3
2026-03-03 21:00:00,0,1,54.72,3
2026-03-03 22:00:00,0,1,53.11,54
2026-03-03 23:00:00,0,1,53.55,19
2026-03-04 00:00:00,1,1,59.4,4
2026-03-04 01:00:00,1,1,53.18,4
2026-03-04 02:00:00,1,0,49.9,4
2026-03-04 03:00:00,0,0,49.32,4
2026-03-04 04:00:00,1,1,56.46,4
2026-03-04 05:00:00,1,1,52.0,4
2026-03-04 06:00:00,1,1,53.38,4
2026-03-04 07:00:00,0,1,53.13,4
2026-03-04 08:00:00,1,1,53.27,3
2026-03-04 09:00:00,1,0,48.89,3
2026-03-04 10:00:00,1,0,47.63,4
2026-03-04 11:00:00,0,0,45.03,3
2026-03-04 12:00:00,1,1,50.98,2
2026-03-04 13:00:00,0,0,46.65,3
2026-03-04 14:00:00,1,1,53.99,3
2026-03-04 15:00:00,0,0,46.32,4
2026-03-04 16:00:00,0,1,50.57,3
2026-03-04 17:00:00,0,1,55.26,3
2026-03-04 18:00:00,1,1,56.55,3
2026-03-04 19:00:00,1,0,44.84,3
2026-03-04 20:00:00,0,0,46.78,3
2026-03-04 21:00:00,1,1,56.09,3
2026-03-04 22:00:00,1,1,50.86,26
2026-03-04 23:00:00,1,1,51.52,13
2026-03-05 00:00:00,0,0,45.63,5
2026-03-05 01:00:00,0,1,54.66,3
2026-03-05 02:00:00,0,1,52.75,3
2026-03-05 03:00:00,0,1,55.58,4
2026-03-05 04:00:00,0,1,55.87,4
2026-03-05 05:00:00,1,1,53.51,4
2026-03-05 06:00:00,0,1,50.35,3
2026-03-05 07:00:00,0,1,53.4,3
2026-03-05 08:00:00,1,1,50.79,3
2026-03-05 09:00:00,0,0,47.28,3
2026-03-05 10:00:00,1,1,50.11,4
2026-03-05 11:00:00,1,0,48.8,3
2026-03-05 12:00:00,0,0,48.35,3
2026-03-05 13:00:00,1,1,51.03,3
2026-03-05 14:00:00,0,1,51.1,3
2026-03-05 15:00:00,1,1,53.5,3
2026-03-05 16:00:00,1,1,50.01,3
2026-03-05 17:00:00,0,0,48.42,3
2026-03-05 18:00:00,0,1,50.43,3
2026-03-05 19:00:00,1,1,51.35,3
2026-03-05 20:00:00,1,0,47.84,3
2026-03-05 21:00:00,0,0,44.01,4
2026-03-05 22:00:00,1,1,54.32,21
2026-03-05 23:00:00,1,1,52.62,12
2026-03-06 00:00:00,1,0,49.56,4
2026-03-06 01:00:00,1,0,48.13,4
2026-03-06 02:00:00,1,0,45.69,4
2026-03-06 03:00:00,0,0,43.82,4
2026-03-06 04:00:00,0,1,50.38,4
2026-03-06 05:00:00,1,1,52.98,3
2026-03-06 06:00:00,1,0,49.53,3
2026-03-06 07:00:00,0,0,47.26,4
2026-03-06 08:00:00,0,1,53.83,3
2026-03-06 09:00:00,1,0,49.54,4
2026-03-06 10:00:00,0,0,47.03,4
2026-03-06 11:00:00,0,1,51.9,3
2026-03-06 12:00:00,1,1,52.3,3
2026-03-06 13:00:00,1,1,50.68,4
2026-03-06 14:00:00,1,0,47.93,3
2026-03-06 15:00:00,1,0,48.72,3
2026-03-06 16:00:00,0,0,45.87,3
2026-03-06 17:00:00,1,1,54.4,3
2026-03-06 18:00:00,1,0,45.29,3
2026-03-06 19:00:00,1,0,44.62,4
2026-03-06 20:00:00,1,0,39.66,3
2026-03-06 21:00:00,0,0,41.91,4
2026-03-08 21:00:00,0,1,62.28,73
2026-03-08 22:00:00,0,1,64.88,20
2026-03-08 23:00:00,0,1,64.84,7
2026-03-09 00:00:00,0,1,57.29,4
2026-03-09 01:00:00,1,1,55.39,4
2026-03-09 02:00:00,0,0,48.36,3
2026-03-09 03:00:00,1,1,53.18,4
2026-03-09 04:00:00,1,1,50.3,4
2026-03-09 05:00:00,0,0,45.49,3
2026-03-09 06:00:00,1,1,56.62,4
2026-03-09 07:00:00,0,1,50.13,4
2026-03-09 08:00:00,1,1,52.11,3
2026-03-09 09:00:00,1,0,49.77,3
2026-03-09 10:00:00,1,0,48.7,3
2026-03-09 11:00:00,0,0,44.54,3
2026-03-09 12:00:00,1,1,50.09,3
2026-03-09 13:00:00,0,0,45.99,3
2026-03-09 14:00:00,1,0,47.72,4
2026-03-09 15:00:00,0,0,45.45,3
2026-03-09 16:00:00,0,1,51.12,3
2026-03-09 17:00:00,0,1,51.48,3
2026-03-09 18:00:00,1,1,50.38,3
2026-03-09 19:00:00,1,0,45.36,3
2026-03-09 20:00:00,1,0,41.23,4
2026-03-09 21:00:00,0,0,40.61,31
2026-03-09 22:00:00,0,1,53.64,12
2026-03-09 23:00:00,1,1,52.45,5
2026-03-10 00:00:00,0,0,43.73,4
2026-03-10 01:00:00,0,0,49.77,4
2026-03-10 02:00:00,0,1,50.35,3
2026-03-10 03:00:00,1,1,55.07,4
2026-03-10 04:00:00,1,1,51.35,4
2026-03-10 05:00:00,1,0,44.35,4
2026-03-10 06:00:00,1,0,45.41,4
2026-03-10 07:00:00,0,0,47.1,4
2026-03-10 08:00:00,1,1,50.55,3
2026-03-10 09:00:00,0,0,44.49,3
2026-03-10 10:00:00,0,0,48.07,4
2026-03-10 11:00:00,0,0,49.53,3
2026-03-10 12:00:00,0,1,51.31,3
2026-03-10 13:00:00,1,0,49.86,3
2026-03-10 14:00:00,0,0,46.12,4
2026-03-10 15:00:00,1,0,48.81,3
2026-03-10 16:00:00,0,0,46.2,3
2026-03-10 17:00:00,0,1,52.3,3
2026-03-10 18:00:00,0,1,53.78,2
2026-03-10 19:00:00,0,1,52.4,3
2026-03-10 20:00:00,1,1,57.33,3
2026-03-10 21:00:00,0,1,57.96,16
2026-03-10 22:00:00,1,1,54.8,8
2026-03-10 23:00:00,1,1,53.88,6
2026-03-11 00:00:00,1,1,51.19,4
2026-03-11 01:00:00,0,0,48.91,3
2026-03-11 02:00:00,1,1,51.96,4
2026-03-11 03:00:00,1,0,47.09,3
2026-03-11 04:00:00,0,0,46.59,4
2026-03-11 05:00:00,1,0,49.77,4
2026-03-11 06:00:00,0,1,50.36,4
2026-03-11 07:00:00,0,1,53.79,4
2026-03-11 08:00:00,0,1,53.16,3
2026-03-11 09:00:00,1,1,51.62,3
2026-03-11 10:00:00,0,1,50.62,3
2026-03-11 11:00:00,0,1,50.68,3
2026-03-11 12:00:00,1,1,51.13,3
2026-03-11 13:00:00,0,0,47.75,3
2026-03-11 14:00:00,0,1,50.6,3
2026-03-11 15:00:00,1,1,53.04,3
2026-03-11 16:00:00,1,0,47.89,3
2026-03-11 17:00:00,1,1,51.08,3
2026-03-11 18:00:00,1,0,49.81,3
2026-03-11 19:00:00,0,0,47.75,3
2026-03-11 20:00:00,1,1,63.31,3
2026-03-11 21:00:00,0,0,46.8,11
2026-03-11 22:00:00,0,1,60.76,9
2026-03-11 23:00:00,1,1,56.06,6
2026-03-12 00:00:00,1,1,55.48,4
2026-03-12 01:00:00,0,1,54.75,4
2026-03-12 02:00:00,0,1,57.66,4
2026-03-12 03:00:00,0,1,54.94,3
2026-03-12 04:00:00,1,1,59.1,3
2026-03-12 05:00:00,1,1,53.65,4
2026-03-12 06:00:00,1,1,50.54,3
2026-03-12 07:00:00,0,0,48.25,4
2026-03-12 08:00:00,1,1,52.61,3
2026-03-12 09:00:00,0,0,48.07,3
2026-03-12 10:00:00,0,0,49.95,3
2026-03-12 11:00:00,0,0,49.75,3
2026-03-12 12:00:00,0,1,50.14,3
2026-03-12 13:00:00,0,1,51.93,3
2026-03-12 14:00:00,1,1,52.53,3
2026-03-12 15:00:00,1,1,53.06,3
2026-03-12 16:00:00,0,1,52.54,3
2026-03-12 17:00:00,0,1,53.68,3
2026-03-12 18:00:00,1,1,52.58,3
2026-03-12 19:00:00,0,0,48.88,3
2026-03-12 20:00:00,0,1,66.62,3
2026-03-12 21:00:00,1,1,65.44,22
2026-03-12 22:00:00,1,0,48.48,15
2026-03-12 23:00:00,1,1,50.11,6
2026-03-13 00:00:00,0,0,48.76,4
2026-03-13 01:00:00,0,1,53.04,4
2026-03-13 02:00:00,0,1,51.99,3
2026-03-13 03:00:00,0,1,55.32,4
2026-03-13 04:00:00,0,1,58.17,3
2026-03-13 05:00:00,0,1,53.1,4
2026-03-13 06:00:00,0,1,54.3,4
2026-03-13 07:00:00,0,1,54.95,3
2026-03-13 08:00:00,1,1,52.05,3
2026-03-13 09:00:00,1,0,46.48,3
2026-03-13 10:00:00,1,0,46.59,4
2026-03-13 11:00:00,1,0,46.29,3
2026-03-13 12:00:00,1,0,46.53,3
2026-03-13 13:00:00,0,0,45.91,3
2026-03-13 14:00:00,0,1,51.78,5
2026-03-13 15:00:00,0,1,52.52,3
2026-03-13 16:00:00,1,1,54.15,3
2026-03-13 17:00:00,0,1,51.63,3
2026-03-13 18:00:00,0,1,52.27,3
2026-03-13 19:00:00,0,1,53.51,3
2026-03-13 20:00:00,1,1,71.34,3
2026-03-15 21:00:00,1,1,54.42,62
2026-03-15 22:00:00,1,1,51.29,27
2026-03-15 23:00:00,1,0,49.62,8
2026-03-16 00:00:00,0,0,45.33,4
2026-03-16 01:00:00,0,1,55.61,4
2026-03-16 02:00:00,1,1,52.54,3
2026-03-16 03:00:00,0,0,47.8,3
2026-03-16 04:00:00,0,1,53.22,3
2026-03-16 05:00:00,0,1,53.14,3
2026-03-16 06:00:00,0,1,54.09,3
2026-03-16 07:00:00,1,1,54.05,3
2026-03-16 08:00:00,1,0,47.74,3
2026-03-16 09:00:00,1,0,48.8,3
2026-03-16 10:00:00,1,0,44.83,2
2026-03-16 11:00:00,0,0,42.34,3
2026-03-16 12:00:00,1,1,53.85,3
2026-03-16 13:00:00,0,0,45.72,3
2026-03-16 14:00:00,0,0,49.72,3
2026-03-16 15:00:00,1,0,49.25,3
2026-03-16 16:00:00,0,0,43.93,3
2026-03-16 17:00:00,1,0,48.76,3
2026-03-16 18:00:00,0,0,45.35,3
2026-03-16 19:00:00,0,0,49.26,3
2026-03-16 20:00:00,1,1,53.52,3
2026-03-16 21:00:00,0,0,45.68,13
2026-03-16 22:00:00,0,1,56.09,16
2026-03-16 23:00:00,0,1,50.6,5
2026-03-17 00:00:00,1,1,54.41,4
2026-03-17 01:00:00,1,1,52.17,4
2026-03-17 02:00:00,0,0,48.63,4
2026-03-17 03:00:00,1,1,52.57,3
2026-03-17 04:00:00,0,0,47.15,3
2026-03-17 05:00:00,1,1,54.68,3
2026-03-17 06:00:00,1,1,51.36,4
2026-03-17 07:00:00,1,0,48.38,4
2026-03-17 08:00:00,1,0,47.35,3
2026-03-17 09:00:00,0,0,45.59,3
2026-03-17 10:00:00,1,0,48.5,4
2026-03-17 11:00:00,1,0,46.88,4
2026-03-17 12:00:00,1,0,47.83,3
2026-03-17 13:00:00,1,0,44.04,3
2026-03-17 14:00:00,0,0,45.65,2
2026-03-17 15:00:00,1,0,49.54,3
2026-03-17 16:00:00,1,0,45.87,3
2026-03-17 17:00:00,0,0,44.97,3
2026-03-17 18:00:00,0,0,48.41,2
2026-03-17 19:00:00,1,1,51.9,3
2026-03-17 20:00:00,0,0,44.32,3
2026-03-17 21:00:00,1,1,55.13,14
2026-03-17 22:00:00,0,0,45.6,17
2026-03-17 23:00:00,0,1,50.25,10
2026-03-18 00:00:00,1,0,49.89,4
2026-03-18 01:00:00,0,0,49.63,3
2026-03-18 02:00:00,1,0,48.42,4
2026-03-18 03:00:00,1,0,46.42,3
2026-03-18 04:00:00,1,0,45.82,3
2026-03-18 05:00:00,0,0,45.26,3
2026-03-18 06:00:00,0,0,47.92,3
2026-03-18 07:00:00,1,1,53.79,3
2026-03-18 08:00:00,1,0,49.07,4
2026-03-18 09:00:00,1,0,48.51,5
2026-03-18 10:00:00,1,0,49.63,4
2026-03-18 11:00:00,0,0,47.19,2
2026-03-18 12:00:00,1,1,50.33,3
2026-03-18 13:00:00,1,1,50.81,3
2026-03-18 14:00:00,0,1,50.89,4
2026-03-18 15:00:00,0,1,51.63,3
2026-03-18 16:00:00,1,1,51.82,3
2026-03-18 17:00:00,0,0,47.73,3
2026-03-18 18:00:00,0,1,54.23,10
2026-03-18 19:00:00,0,1,53.22,3
2026-03-18 20:00:00,1,1,66.79,3
2026-03-18 21:00:00,0,0,49.57,15
2026-03-18 22:00:00,1,1,56.54,12
2026-03-18 23:00:00,1,1,57.68,5
2026-03-19 00:00:00,1,1,50.86,3
2026-03-19 01:00:00,1,1,51.55,3
2026-03-19 02:00:00,0,0,48.0,4
2026-03-19 03:00:00,0,1,52.85,4
2026-03-19 04:00:00,0,1,55.85,3
2026-03-19 05:00:00,0,1,52.42,4
2026-03-19 06:00:00,0,1,52.47,3
2026-03-19 07:00:00,0,1,53.23,3
2026-03-19 08:00:00,1,1,50.1,3
2026-03-19 09:00:00,0,0,49.21,3
2026-03-19 10:00:00,1,1,51.05,4
2026-03-19 11:00:00,1,0,49.74,3
2026-03-19 12:00:00,1,0,46.16,3
2026-03-19 13:00:00,0,0,46.8,3
2026-03-19 14:00:00,0,0,47.73,5
2026-03-19 15:00:00,1,0,48.55,3
2026-03-19 16:00:00,1,0,46.42,3
2026-03-19 17:00:00,1,0,45.8,3
2026-03-19 18:00:00,1,0,44.14,3
2026-03-19 19:00:00,1,0,37.19,3
2026-03-19 20:00:00,0,0,37.75,3
2026-03-19 21:00:00,0,0,49.57,15
2026-03-19 22:00:00,0,0,48.06,15
2026-03-19 23:00:00,0,0,49.55,6
2026-03-20 00:00:00,0,0,49.3,4
2026-03-20 01:00:00,0,1,50.36,4
2026-03-20 02:00:00,0,1,53.14,3
2026-03-20 03:00:00,0,1,56.19,4
2026-03-20 04:00:00,0,1,55.34,4
2026-03-20 05:00:00,1,1,54.09,4
2026-03-20 06:00:00,1,0,48.68,4
2026-03-20 07:00:00,0,0,45.35,3
2026-03-20 08:00:00,0,1,51.19,3
2026-03-20 09:00:00,1,0,44.48,3
2026-03-20 10:00:00,1,0,45.09,3
2026-03-20 11:00:00,0,0,45.4,3
2026-03-20 12:00:00,0,1,50.93,3
2026-03-20 13:00:00,0,0,49.44,3
2026-03-20 14:00:00,1,1,51.99,3
2026-03-20 15:00:00,1,1,50.67,3
2026-03-20 16:00:00,0,0,46.84,2
2026-03-20 17:00:00,0,1,51.04,3
2026-03-20 18:00:00,1,1,56.63,3
2026-03-20 19:00:00,1,0,46.61,3
2026-03-20 20:00:00,0,0,41.8,4
2026-03-22 21:00:00,1,1,57.38,23
2026-03-22 22:00:00,1,0,49.88,25
2026-03-22 23:00:00,0,1,50.53,6
2026-03-23 00:00:00,1,1,52.21,4
2026-03-23 01:00:00,0,1,50.85,3
2026-03-23 02:00:00,1,1,50.37,4
2026-03-23 03:00:00,1,1,52.71,4
2026-03-23 04:00:00,0,1,50.97,3
2026-03-23 05:00:00,0,1,54.44,4
2026-03-23 06:00:00,0,1,51.58,4
2026-03-23 07:00:00,1,1,52.34,3
2026-03-23 08:00:00,0,1,50.31,3
2026-03-23 09:00:00,0,1,53.77,3
2026-03-23 10:00:00,1,1,53.55,3
2026-03-23 11:00:00,1,0,49.37,3
2026-03-23 12:00:00,0,1,50.35,4
2026-03-23 13:00:00,1,1,51.33,4
2026-03-23 14:00:00,0,0,44.69,3
2026-03-23 15:00:00,1,0,47.41,3
2026-03-23 16:00:00,1,0,43.72,3
2026-03-23 17:00:00,1,0,43.21,3
2026-03-23 18:00:00,0,0,40.76,3
2026-03-23 19:00:00,0,1,53.94,3
2026-03-23 20:00:00,1,0,49.94,3
2026-03-23 21:00:00,0,0,43.51,56
2026-03-23 22:00:00,0,0,49.36,13
2026-03-23 23:00:00,0,1,50.53,6
2026-03-24 00:00:00,0,1,56.66,4
2026-03-24 01:00:00,1,1,54.23,4
2026-03-24 02:00:00,0,1,55.76,3
2026-03-24 03:00:00,0,1,56.74,4
2026-03-24 04:00:00,1,1,54.03,4
2026-03-24 05:00:00,1,0,47.49,3
2026-03-24 06:00:00,1,0,49.36,4
2026-03-24 07:00:00,0,0,47.69,3
2026-03-24 08:00:00,1,1,52.21,3
2026-03-24 09:00:00,0,0,47.59,4
2026-03-24 10:00:00,0,0,49.56,3
2026-03-24 11:00:00,0,0,49.87,3
2026-03-24 12:00:00,0,1,51.07,3
2026-03-24 13:00:00,1,1,51.0,3
2026-03-24 14:00:00,0,0,48.81,3
2026-03-24 15:00:00,1,1,51.45,4
2026-03-24 16:00:00,0,0,44.6,3
2026-03-24 17:00:00,1,1,52.25,3
2026-03-24 18:00:00,1,0,48.68,3
2026-03-24 19:00:00,1,0,47.14,3
2026-03-24 20:00:00,1,0,46.29,3
2026-03-24 21:00:00,1,0,44.15,14
2026-03-24 22:00:00,0,0,48.2,26
2026-03-24 23:00:00,1,0,49.8,5
2026-03-25 00:00:00,0,0,47.97,4
2026-03-25 01:00:00,0,1,51.43,4
2026-03-25 02:00:00,0,1,52.33,4
2026-03-25 03:00:00,0,1,51.35,4
2026-03-25 04:00:00,0,1,54.35,4
2026-03-25 05:00:00,1,1,51.93,4
2026-03-25 06:00:00,1,0,48.87,4
2026-03-25 07:00:00,1,1,50.5,3
2026-03-25 08:00:00,0,0,48.39,3
2026-03-25 09:00:00,1,0,48.84,4
2026-03-25 10:00:00,1,0,47.27,3
2026-03-25 11:00:00,0,0,48.14,3
2026-03-25 12:00:00,0,1,51.32,3
2026-03-25 13:00:00,1,1,50.59,3
2026-03-25 14:00:00,0,0,49.26,3
2026-03-25 15:00:00,0,1,50.93,3
2026-03-25 16:00:00,1,1,52.59,3
2026-03-25 17:00:00,0,0,48.82,3
2026-03-25 18:00:00,0,1,51.89,3
2026-03-25 19:00:00,0,1,52.16,3
2026-03-25 20:00:00,1,1,63.5,3
2026-03-25 21:00:00,1,1,58.46,14
2026-03-25 22:00:00,1,1,54.12,13
2026-03-25 23:00:00,0,1,50.79,5
2026-03-26 00:00:00,1,1,55.3,4
2026-03-26 01:00:00,0,1,51.48,3
2026-03-26 02:00:00,1,1,52.74,3
2026-03-26 03:00:00,1,0,49.25,3
2026-03-26 04:00:00,0,1,52.41,3
2026-03-26 05:00:00,1,1,53.37,4
2026-03-26 06:00:00,0,1,50.2,3
2026-03-26 07:00:00,1,1,52.48,3
2026-03-26 08:00:00,0,0,48.09,3
2026-03-26 09:00:00,0,0,49.13,3
2026-03-26 10:00:00,0,1,50.45,3
2026-03-26 11:00:00,1,0,49.96,3
2026-03-26 12:00:00,1,1,50.9,3
2026-03-26 13:00:00,1,0,49.86,2
2026-03-26 14:00:00,0,0,47.3,3
2026-03-26 15:00:00,0,1,52.19,3
2026-03-26 16:00:00,0,1,52.31,3
2026-03-26 17:00:00,1,1,50.4,3
2026-03-26 18:00:00,0,0,49.07,3
2026-03-26 19:00:00,1,1,51.21,3
2026-03-26 20:00:00,1,1,54.53,3
2026-03-26 21:00:00,1,0,48.18,38
2026-03-26 22:00:00,0,0,48.02,26
2026-03-26 23:00:00,0,1,53.09,8
2026-03-27 00:00:00,1,1,52.52,4
2026-03-27 01:00:00,0,0,48.99,4
2026-03-27 02:00:00,1,1,52.37,3
2026-03-27 03:00:00,1,1,51.13,3
2026-03-27 04:00:00,0,0,47.96,4
2026-03-27 05:00:00,0,1,51.26,3
2026-03-27 06:00:00,0,1,52.35,3
2026-03-27 07:00:00,1,1,52.9,4
2026-03-27 08:00:00,0,0,48.98,4
2026-03-27 09:00:00,0,1,50.55,3
2026-03-27 10:00:00,0,1,50.74,3
2026-03-27 11:00:00,1,1,50.15,3
2026-03-27 12:00:00,1,0,49.9,3
2026-03-27 13:00:00,1,0,47.68,2
2026-03-27 14:00:00,0,0,46.29,4
2026-03-27 15:00:00,0,1,50.71,3
2026-03-27 16:00:00,0,1,50.24,3
2026-03-27 17:00:00,1,1,53.02,3
2026-03-27 18:00:00,1,0,49.67,3
2026-03-27 19:00:00,0,0,45.03,3
2026-03-27 20:00:00,0,1,62.56,3
2026-03-29 21:00:00,0,1,66.92,14
2026-03-29 22:00:00,1,1,60.24,15
2026-03-29 23:00:00,1,1,54.28,6
2026-03-30 00:00:00,0,0,49.85,3
2026-03-30 01:00:00,1,0,49.7,3
2026-03-30 02:00:00,1,0,45.53,4
2026-03-30 03:00:00,0,0,46.74,3
2026-03-30 04:00:00,1,1,51.14,4
2026-03-30 05:00:00,0,0,48.6,4
2026-03-30 06:00:00,0,1,51.72,3
2026-03-30 07:00:00,0,1,53.96,3
2026-03-30 08:00:00,0,1,51.16,4
2026-03-30 09:00:00,0,1,50.58,3
2026-03-30 10:00:00,0,1,50.16,3
2026-03-30 11:00:00,0,0,49.87,3
2026-03-30 12:00:00,0,1,52.01,4
2026-03-30 13:00:00,1,1,50.99,3
2026-03-30 14:00:00,0,1,50.21,3
2026-03-30 15:00:00,1,1,52.33,2
2026-03-30 16:00:00,0,0,45.84,3
2026-03-30 17:00:00,1,1,51.25,3
2026-03-30 18:00:00,0,1,52.49,3
2026-03-30 19:00:00,1,1,51.37,3
2026-03-30 20:00:00,0,0,44.44,3
2026-03-30 21:00:00,0,1,64.56,30
2026-03-30 22:00:00,0,1,54.13,9
2026-03-30 23:00:00,1,1,52.96,6
2026-03-31 00:00:00,1,0,46.43,4
2026-03-31 01:00:00,0,0,49.5,3
2026-03-31 02:00:00,0,0,49.97,4
2026-03-31 03:00:00,0,1,51.71,3
2026-03-31 04:00:00,0,1,52.71,4
2026-03-31 05:00:00,1,1,52.45,4
2026-03-31 06:00:00,1,0,47.98,3
2026-03-31 07:00:00,0,0,49.18,3
2026-03-31 08:00:00,1,1,50.12,4
2026-03-31 09:00:00,0,0,47.96,4
2026-03-31 10:00:00,1,1,51.85,3
2026-03-31 11:00:00,1,0,46.22,3
2026-03-31 12:00:00,1,0,45.67,3
2026-03-31 13:00:00,0,0,47.71,3
2026-03-31 14:00:00,0,0,48.86,5
2026-03-31 15:00:00,1,0,48.1,3
2026-03-31 16:00:00,0,0,46.4,2
2026-03-31 17:00:00,1,1,51.45,3
2026-03-31 18:00:00,1,0,46.99,3
2026-03-31 19:00:00,0,0,43.33,3
2026-03-31 20:00:00,1,1,53.32,3
2026-03-31 21:00:00,1,0,44.4,43
2026-03-31 22:00:00,1,0,44.48,28
2026-03-31 23:00:00,1,0,43.71,5
2026-04-01 00:00:00,0,0,43.01,4
2026-04-01 01:00:00,1,1,51.15,4
2026-04-01 02:00:00,0,0,46.07,4
2026-04-01 03:00:00,1,1,51.6,3
2026-04-01 04:00:00,1,0,44.95,3
2026-04-01 05:00:00,1,0,44.8,3
2026-04-01 06:00:00,0,0,44.25,3
2026-04-01 07:00:00,1,1,51.45,3
2026-04-01 08:00:00,0,0,45.06,3
2026-04-01 09:00:00,1,0,48.29,4
2026-04-01 10:00:00,1,0,46.23,2
2026-04-01 11:00:00,0,0,45.08,3
2026-04-01 12:00:00,1,0,48.69,3
2026-04-01 13:00:00,1,0,45.48,3
2026-04-01 14:00:00,0,0,46.21,4
2026-04-01 15:00:00,1,0,49.36,3
2026-04-01 16:00:00,0,0,45.95,2
2026-04-01 17:00:00,0,0,47.48,3
2026-04-01 18:00:00,1,1,50.99,3
2026-04-01 19:00:00,1,0,43.38,3
2026-04-01 20:00:00,1,0,46.36,3
2026-04-01 21:00:00,1,1,51.34,18
2026-04-01 22:00:00,0,1,50.24,9
2026-04-01 23:00:00,1,0,49.26,6
2026-04-02 00:00:00,0,0,48.22,3
2026-04-02 01:00:00,0,1,57.42,3
2026-04-02 02:00:00,0,1,57.7,3
2026-04-02 03:00:00,0,1,60.58,4
2026-04-02 04:00:00,0,1,61.89,4
2026-04-02 05:00:00,1,1,54.29,4
2026-04-02 06:00:00,0,1,51.75,3
2026-04-02 07:00:00,0,1,52.33,3
2026-04-02 08:00:00,1,1,52.36,3
2026-04-02 09:00:00,0,0,49.6,3
2026-04-02 10:00:00,1,1,52.67,3
2026-04-02 11:00:00,1,0,48.51,3
2026-04-02 12:00:00,1,0,47.66,2
2026-04-02 13:00:00,1,0,48.6,3
2026-04-02 14:00:00,0,0,44.06,3
2026-04-02 15:00:00,0,1,54.56,3
2026-04-02 16:00:00,0,1,53.73,3
2026-04-02 17:00:00,0,0,50.0,3
2026-04-02 18:00:00,0,1,50.21,3
2026-04-02 19:00:00,1,0,47.5,3
2026-04-02 20:00:00,1,0,45.66,3
2026-04-02 21:00:00,0,0,48.94,23
2026-04-02 22:00:00,1,1,54.64,24
2026-04-02 23:00:00,0,0,48.8,6
2026-04-03 00:00:00,0,1,52.16,3
2026-04-03 01:00:00,1,1,52.72,4
2026-04-03 02:00:00,1,1,51.82,4
2026-04-03 03:00:00,0,1,51.69,4
2026-04-03 04:00:00,1,1,52.05,4
2026-04-03 05:00:00,1,0,48.08,3
2026-04-03 06:00:00,1,0,49.47,4
2026-04-03 07:00:00,1,0,46.83,4
2026-04-03 08:00:00,1,1,50.57,4
2026-04-03 09:00:00,1,0,49.78,4
2026-04-03 10:00:00,0,0,43.25,3
2026-04-03 11:00:00,0,0,49.9,3
2026-04-03 12:00:00,1,0,48.72,4
2026-04-03 13:00:00,0,1,50.49,3
2026-04-03 14:00:00,1,1,50.07,3
2026-04-03 15:00:00,0,1,52.97,3
2026-04-03 16:00:00,1,1,53.5,5
2026-04-03 17:00:00,0,1,54.74,9
2026-04-03 18:00:00,0,1,52.64,5
2026-04-03 19:00:00,0,1,54.09,6
2026-04-03 20:00:00,1,1,69.32,4
2026-04-05 21:00:00,0,0,47.69,36
2026-04-05 22:00:00,0,1,55.58,15
2026-04-05 23:00:00,1,1,54.46,4
2026-04-06 00:00:00,0,1,51.96,4
2026-04-06 01:00:00,1,1,55.24,3
2026-04-06 02:00:00,0,0,46.77,4
2026-04-06 03:00:00,1,1,51.27,3
2026-04-06 04:00:00,1,0,47.0,4
2026-04-06 05:00:00,1,0,48.52,3
2026-04-06 06:00:00,1,0,46.12,3
2026-04-06 07:00:00,0,0,49.52,3
2026-04-06 08:00:00,0,0,47.11,4
2026-04-06 09:00:00,0,0,49.66,4
2026-04-06 10:00:00,0,0,48.71,4
2026-04-06 11:00:00,1,1,50.2,4
2026-04-06 12:00:00,1,0,46.4,3
2026-04-06 13:00:00,0,0,45.91,3
2026-04-06 14:00:00,1,1,53.86,5
2026-04-06 15:00:00,1,0,47.59,3
2026-04-06 16:00:00,0,0,47.48,4
2026-04-06 17:00:00,1,1,54.6,3
2026-04-06 18:00:00,0,0,45.0,4
2026-04-06 19:00:00,0,1,54.51,3
2026-04-06 20:00:00,1,1,64.18,3
2026-04-06 21:00:00,0,0,49.54,34
2026-04-06 22:00:00,0,1,53.59,16
2026-04-06 23:00:00,0,1,52.4,8
2026-04-07 00:00:00,0,1,53.08,4
2026-04-07 01:00:00,0,1,53.84,3
2026-04-07 02:00:00,1,1,51.1,3
2026-04-07 03:00:00,1,0,49.57,4
2026-04-07 04:00:00,0,0,47.99,3
2026-04-07 05:00:00,1,1,50.27,3
2026-04-07 06:00:00,0,0,47.94,3
2026-04-07 07:00:00,1,0,49.14,3
2026-04-07 08:00:00,0,0,47.79,3
2026-04-07 09:00:00,0,0,47.75,3
2026-04-07 10:00:00,1,0,47.66,4
2026-04-07 11:00:00,1,0,45.67,3
2026-04-07 12:00:00,1,0,48.24,3
2026-04-07 13:00:00,1,0,45.92,3
2026-04-07 14:00:00,0,0,46.05,2
2026-04-07 15:00:00,1,0,48.94,3
2026-04-07 16:00:00,1,0,47.91,3
2026-04-07 17:00:00,0,0,46.3,3
2026-04-07 18:00:00,1,0,49.14,2
2026-04-07 19:00:00,0,0,44.14,3
2026-04-07 20:00:00,1,0,47.62,3
2026-04-07 21:00:00,1,0,42.55,30
2026-04-07 22:00:00,1,0,42.7,28
2026-04-07 23:00:00,0,0,42.99,6
2026-04-08 00:00:00,1,1,52.28,4
2026-04-08 01:00:00,0,0,46.81,3
2026-04-08 02:00:00,0,0,46.6,4
2026-04-08 03:00:00,1,0,47.36,3
2026-04-08 04:00:00,1,0,44.73,3
2026-04-08 05:00:00,1,0,45.42,3
2026-04-08 06:00:00,0,0,42.11,4
2026-04-08 07:00:00,0,0,47.25,3
2026-04-08 08:00:00,0,1,50.93,3
2026-04-08 09:00:00,1,0,48.06,3
2026-04-08 10:00:00,1,0,46.76,3
2026-04-08 11:00:00,1,0,45.84,3
2026-04-08 12:00:00,0,0,45.69,3
2026-04-08 13:00:00,0,1,50.06,3
2026-04-08 14:00:00,0,0,45.17,2
2026-04-08 15:00:00,0,1,50.58,3
2026-04-08 16:00:00,0,1,53.48,3
2026-04-08 17:00:00,0,1,54.17,3
2026-04-08 18:00:00,1,1,53.85,4
2026-04-08 19:00:00,0,1,51.81,3
2026-04-08 20:00:00,1,1,56.71,3
2026-04-08 21:00:00,0,1,51.01,40
2026-04-08 22:00:00,0,1,51.68,10
2026-04-08 23:00:00,0,1,51.07,6
2026-04-09 00:00:00,1,1,52.39,4
2026-04-09 01:00:00,1,0,46.72,4
2026-04-09 02:00:00,0,0,47.27,4
2026-04-09 03:00:00,1,1,50.58,3
2026-04-09 04:00:00,0,0,47.84,3
2026-04-09 05:00:00,1,1,51.37,3
2026-04-09 06:00:00,0,0,47.68,4
2026-04-09 07:00:00,1,0,49.39,3
2026-04-09 08:00:00,1,0,47.15,3
2026-04-09 09:00:00,0,0,47.25,3
2026-04-09 10:00:00,1,0,47.26,3
2026-04-09 11:00:00,0,0,46.61,3
2026-04-09 12:00:00,0,0,49.75,3
2026-04-09 13:00:00,1,1,51.01,3
2026-04-09 14:00:00,1,0,46.58,3
2026-04-09 15:00:00,1,0,45.72,3
2026-04-09 16:00:00,1,0,46.09,3
2026-04-09 17:00:00,0,0,46.99,3
2026-04-09 18:00:00,1,1,50.48,3
2026-04-09 19:00:00,0,0,46.12,3
2026-04-09 20:00:00,1,1,52.48,3
2026-04-09 21:00:00,0,0,45.81,34
2026-04-09 22:00:00,0,1,55.03,13
2026-04-09 23:00:00,0,1,50.69,7
2026-04-10 00:00:00,1,1,52.61,4
2026-04-10 01:00:00,0,0,49.15,3
2026-04-10 02:00:00,1,0,48.68,3
2026-04-10 03:00:00,0,0,46.97,3
2026-04-10 04:00:00,0,1,51.35,3
2026-04-10 05:00:00,0,1,52.15,3
2026-04-10 06:00:00,0,1,53.73,3
2026-04-10 07:00:00,1,1,52.06,3
2026-04-10 08:00:00,1,0,49.82,3
2026-04-10 09:00:00,1,0,47.71,3
2026-04-10 10:00:00,1,0,47.37,3
2026-04-10 11:00:00,1,0,45.56,3
2026-04-10 12:00:00,1,0,47.36,3
2026-04-10 13:00:00,1,0,46.28,3
2026-04-10 14:00:00,0,0,48.66,4
2026-04-10 15:00:00,0,0,49.36,3
2026-04-10 16:00:00,1,0,49.2,3
2026-04-10 17:00:00,1,0,45.22,3
2026-04-10 18:00:00,0,0,45.62,2
2026-04-10 19:00:00,0,1,50.31,3
2026-04-10 20:00:00,0,1,53.73,3
2026-04-12 21:00:00,1,1,67.49,12
2026-04-12 22:00:00,1,1,57.99,41
2026-04-12 23:00:00,1,1,57.27,6
2026-04-13 00:00:00,0,1,56.63,4
2026-04-13 01:00:00,1,1,53.17,3
2026-04-13 02:00:00,0,1,50.94,4
2026-04-13 03:00:00,0,1,51.31,3
2026-04-13 04:00:00,1,1,51.65,3
2026-04-13 05:00:00,0,1,53.62,4
2026-04-13 06:00:00,1,1,50.87,4
2026-04-13 07:00:00,0,0,46.19,3
2026-04-13 08:00:00,1,1,52.24,3
2026-04-13 09:00:00,1,0,49.26,3
2026-04-13 10:00:00,0,0,45.62,3
2026-04-13 11:00:00,1,1,51.7,3
2026-04-13 12:00:00,1,0,46.74,3
2026-04-13 13:00:00,1,0,46.2,3
2026-04-13 14:00:00,0,0,44.96,3
2026-04-13 15:00:00,1,0,49.11,2
2026-04-13 16:00:00,1,0,46.19,2
2026-04-13 17:00:00,1,0,46.53,3
2026-04-13 18:00:00,0,0,46.44,3
2026-04-13 19:00:00,0,1,53.36,3
2026-04-13 20:00:00,0,0,49.35,3
2026-04-13 21:00:00,1,1,51.28,32
2026-04-13 22:00:00,1,0,43.79,29
2026-04-13 23:00:00,0,0,43.1,4
2026-04-14 00:00:00,0,0,46.62,3
2026-04-14 01:00:00,1,1,50.34,3
2026-04-14 02:00:00,1,0,46.88,3
2026-04-14 03:00:00,0,0,41.9,3
2026-04-14 04:00:00,0,0,45.33,4
2026-04-14 05:00:00,1,0,46.58,3
2026-04-14 06:00:00,1,0,44.35,4
2026-04-14 07:00:00,1,0,47.78,3
2026-04-14 08:00:00,1,0,46.72,3
2026-04-14 09:00:00,1,0,45.69,3
2026-04-14 10:00:00,1,0,44.39,3
2026-04-14 11:00:00,1,0,44.18,3
2026-04-14 12:00:00,0,0,43.34,3
2026-04-14 13:00:00,1,1,50.81,3
2026-04-14 14:00:00,0,0,43.91,3
2026-04-14 15:00:00,1,1,53.22,3
2026-04-14 16:00:00,1,0,44.63,2
2026-04-14 17:00:00,0,0,47.49,3
2026-04-14 18:00:00,0,0,46.6,3
2026-04-14 19:00:00,1,0,47.55,3
2026-04-14 20:00:00,0,0,44.29,3
2026-04-14 21:00:00,1,1,56.27,54
2026-04-14 22:00:00,1,0,47.34,14
2026-04-14 23:00:00,0,0,49.93,5
2026-04-15 00:00:00,0,0,49.18,3
2026-04-15 01:00:00,0,1,52.44,3
2026-04-15 02:00:00,1,1,52.74,4
2026-04-15 03:00:00,1,0,47.38,4
2026-04-15 04:00:00,1,1,50.57,4
2026-04-15 05:00:00,0,0,47.45,3
2026-04-15 06:00:00,1,1,52.77,3
2026-04-15 07:00:00,1,1,50.11,3
2026-04-15 08:00:00,0,0,46.46,3
2026-04-15 09:00:00,0,0,47.96,3
2026-04-15 10:00:00,1,0,49.54,3
2026-04-15 11:00:00,1,0,49.73,2
2026-04-15 12:00:00,0,0,48.96,3
2026-04-15 13:00:00,1,0,48.58,2
2026-04-15 14:00:00,1,0,47.31,3
2026-04-15 15:00:00,1,0,46.27,3
2026-04-15 16:00:00,0,0,46.41,3
2026-04-15 17:00:00,1,0,48.58,3
2026-04-15 18:00:00,0,0,45.49,3
2026-04-15 19:00:00,0,0,46.98,3
2026-04-15 20:00:00,1,1,50.49,3
2026-04-15 21:00:00,1,0,47.0,14
2026-04-15 22:00:00,1,1,50.94,17
2026-04-15 23:00:00,1,0,48.4,6
2026-04-16 00:00:00,0,1,50.45,3
2026-04-16 01:00:00,1,1,51.76,3
2026-04-16 02:00:00,0,0,47.92,4
2026-04-16 03:00:00,0,0,49.43,3
2026-04-16 04:00:00,0,0,49.16,3
2026-04-16 05:00:00,0,1,50.47,4
2026-04-16 06:00:00,0,0,46.86,3
2026-04-16 07:00:00,0,1,53.72,3
2026-04-16 08:00:00,0,1,53.18,3
2026-04-16 09:00:00,1,1,52.23,3
2026-04-16 10:00:00,1,1,52.09,3
2026-04-16 11:00:00,0,0,48.44,3
2026-04-16 12:00:00,0,1,53.13,3
2026-04-16 13:00:00,0,1,51.89,3
2026-04-16 14:00:00,1,1,52.67,3
2026-04-16 15:00:00,0,0,49.44,2
2026-04-16 16:00:00,0,1,53.97,2
2026-04-16 17:00:00,1,1,54.11,3
2026-04-16 18:00:00,1,0,48.17,3
2026-04-16 19:00:00,0,0,48.6,3
2026-04-16 20:00:00,0,1,54.59,3
2026-04-16 21:00:00,1,1,58.41,45
2026-04-16 22:00:00,0,0,47.54,23
2026-04-16 23:00:00,0,1,52.8,5
2026-04-17 00:00:00,0,1,52.12,3
2026-04-17 01:00:00,1,1,52.12,4
2026-04-17 02:00:00,1,1,51.99,4
2026-04-17 03:00:00,0,0,46.87,3
2026-04-17 04:00:00,0,1,50.45,4
2026-04-17 05:00:00,0,0,49.08,4
2026-04-17 06:00:00,1,1,51.97,3
2026-04-17 07:00:00,1,0,49.4,3
2026-04-17 08:00:00,0,0,46.44,3
2026-04-17 09:00:00,1,1,50.27,3
2026-04-17 10:00:00,0,0,46.96,4
2026-04-17 11:00:00,1,1,51.22,3
2026-04-17 12:00:00,0,0,46.48,3
2026-04-17 13:00:00,0,0,47.54,3
2026-04-17 14:00:00,0,0,49.19,3
2026-04-17 15:00:00,0,1,53.48,2
2026-04-17 16:00:00,0,1,53.36,2
2026-04-17 17:00:00,0,1,54.28,3
2026-04-17 18:00:00,0,1,50.62,3
2026-04-17 19:00:00,0,1,50.2,4
2026-04-17 20:00:00,0,1,63.99,3
2026-04-19 21:00:00,1,1,68.01,60
2026-04-19 22:00:00,0,1,52.88,15
2026-04-19 23:00:00,1,1,54.5,6
2026-04-20 00:00:00,1,1,50.23,3
2026-04-20 01:00:00,1,1,51.93,4
2026-04-20 02:00:00,1,1,51.92,3
2026-04-20 03:00:00,0,0,48.98,3
2026-04-20 04:00:00,0,1,52.09,3
2026-04-20 05:00:00,1,1,51.71,4
2026-04-20 06:00:00,0,0,47.1,3
2026-04-20 07:00:00,1,1,51.89,3
2026-04-20 08:00:00,1,0,49.33,3
2026-04-20 09:00:00,1,0,48.78,3
2026-04-20 10:00:00,0,0,46.34,3
2026-04-20 11:00:00,0,1,50.59,3
2026-04-20 12:00:00,1,0,48.81,3
2026-04-20 13:00:00,0,0,47.37,2
2026-04-20 14:00:00,1,0,47.45,3
2026-04-20 15:00:00,1,0,45.93,3
2026-04-20 16:00:00,0,0,44.95,2
2026-04-20 17:00:00,0,1,50.17,3
2026-04-20 18:00:00,1,1,50.64,2
2026-04-20 19:00:00,1,0,43.45,3
2026-04-20 20:00:00,0,0,41.49,3
2026-04-20 21:00:00,1,1,53.15,29
2026-04-20 22:00:00,0,0,45.82,12
2026-04-20 23:00:00,0,1,52.23,5
2026-04-21 00:00:00,0,0,49.9,4
2026-04-21 01:00:00,0,1,50.38,3
2026-04-21 02:00:00,0,1,51.65,4
2026-04-21 03:00:00,0,1,51.36,3
2026-04-21 04:00:00,1,1,50.91,3
2026-04-21 05:00:00,0,0,48.21,3
2026-04-21 06:00:00,0,1,52.95,3
2026-04-21 07:00:00,1,1,52.97,2
2026-04-21 08:00:00,0,0,49.5,3
2026-04-21 09:00:00,1,1,51.84,3
2026-04-21 10:00:00,1,1,51.41,3
2026-04-21 11:00:00,0,0,49.29,3
2026-04-21 12:00:00,1,1,50.49,3
2026-04-21 13:00:00,0,0,48.86,3
2026-04-21 14:00:00,0,1,51.89,3
2026-04-21 15:00:00,0,1,55.56,3
2026-04-21 16:00:00,1,1,51.0,2
2026-04-21 17:00:00,0,0,48.1,3
2026-04-21 18:00:00,0,1,50.49,3
2026-04-21 19:00:00,1,1,51.47,3
2026-04-21 20:00:00,0,0,44.68,4
2026-04-21 21:00:00,0,1,56.33,57
2026-04-21 22:00:00,1,1,53.22,11
2026-04-21 23:00:00,0,0,47.08,5
2026-04-22 00:00:00,1,1,51.48,3
2026-04-22 01:00:00,0,1,51.14,3
2026-04-22 02:00:00,0,1,52.75,4
2026-04-22 03:00:00,1,1,52.4,3
2026-04-22 04:00:00,1,1,51.82,4
2026-04-22 05:00:00,0,0,47.47,3
2026-04-22 06:00:00,1,1,51.43,3
2026-04-22 07:00:00,0,0,47.48,3
2026-04-22 08:00:00,0,0,49.59,3
2026-04-22 09:00:00,1,0,48.41,2
2026-04-22 10:00:00,0,0,46.69,3
2026-04-22 11:00:00,0,1,51.03,3
2026-04-22 12:00:00,1,1,50.75,3
2026-04-22 13:00:00,0,0,47.98,3
2026-04-22 14:00:00,0,1,50.45,3
2026-04-22 15:00:00,0,1,52.01,3
2026-04-22 16:00:00,0,1,52.6,3
2026-04-22 17:00:00,0,1,50.97,2
2026-04-22 18:00:00,0,1,53.27,3
2026-04-22 19:00:00,0,1,52.4,3
2026-04-22 20:00:00,1,1,65.31,2
2026-04-22 21:00:00,0,1,55.1,28
2026-04-22 22:00:00,0,1,54.2,14
2026-04-22 23:00:00,1,1,53.73,5
2026-04-23 00:00:00,0,0,49.98,3
2026-04-23 01:00:00,0,0,48.87,3
2026-04-23 02:00:00,0,1,57.69,4
2026-04-23 03:00:00,1,1,55.78,3
2026-04-23 04:00:00,1,0,49.0,3
2026-04-23 05:00:00,0,0,49.16,3
2026-04-23 06:00:00,0,1,50.22,3
2026-04-23 07:00:00,0,0,49.42,3
2026-04-23 08:00:00,0,1,50.08,4
2026-04-23 09:00:00,0,1,52.8,3
2026-04-23 10:00:00,1,1,51.5,3
2026-04-23 11:00:00,1,0,48.2,3
2026-04-23 12:00:00,0,1,51.68,3
2026-04-23 13:00:00,1,1,51.13,2
2026-04-23 14:00:00,0,0,45.25,3
2026-04-23 15:00:00,0,1,53.8,3
2026-04-23 16:00:00,0,1,51.88,3
2026-04-23 17:00:00,0,1,51.64,3
2026-04-23 18:00:00,0,1,51.43,3
2026-04-23 19:00:00,0,1,52.14,3
2026-04-23 20:00:00,1,1,65.68,3
2026-04-23 21:00:00,1,1,53.79,26
2026-04-23 22:00:00,0,1,53.08,10
2026-04-23 23:00:00,1,1,52.41,3
2026-04-24 00:00:00,1,1,53.17,4
2026-04-24 01:00:00,0,0,46.62,3
2026-04-24 02:00:00,0,1,56.08,3
2026-04-24 03:00:00,1,1,56.28,3
2026-04-24 04:00:00,1,1,51.92,4
2026-04-24 05:00:00,0,0,47.05,3
2026-04-24 06:00:00,1,1,53.03,3
2026-04-24 07:00:00,0,0,46.33,3
2026-04-24 08:00:00,0,1,50.71,4
2026-04-24 09:00:00,1,0,49.42,3
2026-04-24 10:00:00,1,0,45.63,3
2026-04-24 11:00:00,0,0,45.66,2
2026-04-24 12:00:00,0,0,49.14,3
2026-04-24 13:00:00,0,1,51.02,3
2026-04-24 14:00:00,1,1,50.15,3
2026-04-24 15:00:00,1,0,45.44,2
2026-04-24 16:00:00,0,0,44.8,3
2026-04-24 17:00:00,1,1,53.77,3
2026-04-24 18:00:00,1,0,44.16,2
2026-04-24 19:00:00,1,0,42.24,3
2026-04-24 20:00:00,0,0,43.37,3
2026-04-26 21:00:00,1,1,66.34,11
2026-04-26 22:00:00,0,1,50.49,17
2026-04-26 23:00:00,1,1,52.33,5
2026-04-27 00:00:00,1,0,48.04,3
2026-04-27 01:00:00,1,0,46.39,4
2026-04-27 02:00:00,1,0,45.72,3
2026-04-27 03:00:00,0,0,44.36,3
2026-04-27 04:00:00,0,0,47.17,2
2026-04-27 05:00:00,1,1,50.87,4
2026-04-27 06:00:00,1,0,47.1,3
2026-04-27 07:00:00,1,0,48.99,3
2026-04-27 08:00:00,0,0,48.19,3
2026-04-27 09:00:00,1,1,50.01,3
2026-04-27 10:00:00,0,0,47.62,3
2026-04-27 11:00:00,1,0,49.02,3
2026-04-27 12:00:00,0,0,48.3,2
2026-04-27 13:00:00,0,0,49.78,2
2026-04-27 14:00:00,0,0,49.81,2
2026-04-27 15:00:00,0,1,53.54,2
2026-04-27 16:00:00,0,1,53.71,3
2026-04-27 17:00:00,0,1,53.3,3
2026-04-27 18:00:00,1,1,53.94,3
2026-04-27 19:00:00,0,1,50.37,3
2026-04-27 20:00:00,1,1,62.75,3
2026-04-27 21:00:00,1,1,55.86,49
2026-04-27 22:00:00,1,1,52.17,14
2026-04-27 23:00:00,0,1,50.52,6
2026-04-28 00:00:00,0,1,53.44,3
2026-04-28 01:00:00,0,1,53.97,3
2026-04-28 02:00:00,1,1,53.32,3
2026-04-28 03:00:00,0,0,49.28,3
2026-04-28 04:00:00,0,1,54.28,3
2026-04-28 05:00:00,0,1,54.83,4
2026-04-28 06:00:00,1,1,53.57,2
2026-04-28 07:00:00,1,1,51.8,3
2026-04-28 08:00:00,0,0,48.16,3
2026-04-28 09:00:00,1,1,50.87,3
2026-04-28 10:00:00,0,1,51.19,3
2026-04-28 11:00:00,1,1,50.35,3
2026-04-28 12:00:00,1,0,47.15,3
2026-04-28 13:00:00,1,0,47.13,3
2026-04-28 14:00:00,1,0,47.97,5
2026-04-28 15:00:00,0,0,45.17,3
2026-04-28 16:00:00,1,1,52.25,2
2026-04-28 17:00:00,0,0,44.36,2
2026-04-28 18:00:00,0,0,49.42,3
2026-04-28 19:00:00,1,1,51.27,2
2026-04-28 20:00:00,0,0,46.4,3
2026-04-28 21:00:00,1,1,56.75,46
2026-04-28 22:00:00,1,0,46.11,11
2026-04-28 23:00:00,0,0,47.45,8
2026-04-29 00:00:00,0,1,52.17,4
2026-04-29 01:00:00,0,1,53.31,3
2026-04-29 02:00:00,0,1,50.74,3
2026-04-29 03:00:00,0,1,51.66,3
2026-04-29 04:00:00,0,1,54.67,4
2026-04-29 05:00:00,0,1,53.61,3
2026-04-29 06:00:00,1,1,53.49,3
2026-04-29 07:00:00,0,0,48.16,3
2026-04-29 08:00:00,0,1,51.95,3
2026-04-29 09:00:00,1,1,52.43,2
2026-04-29 10:00:00,0,0,43.72,2
2026-04-29 11:00:00,0,0,49.67,3
2026-04-29 12:00:00,0,1,51.7,3
2026-04-29 13:00:00,1,1,51.17,2
2026-04-29 14:00:00,0,0,46.87,2
2026-04-29 15:00:00,0,1,53.27,2
2026-04-29 16:00:00,1,1,53.19,2
2026-04-29 17:00:00,0,1,52.66,3
2026-04-29 18:00:00,1,0,49.44,7
2026-04-29 19:00:00,1,0,48.3,3
2026-04-29 20:00:00,0,1,57.33,3
2026-04-29 21:00:00,1,1,67.14,49
2026-04-29 22:00:00,1,0,47.38,14
2026-04-29 23:00:00,0,0,47.74,5
2026-04-30 00:00:00,0,1,51.86,3
2026-04-30 01:00:00,0,1,52.99,3
2026-04-30 02:00:00,0,1,55.88,4
2026-04-30 03:00:00,0,1,56.43,3
2026-04-30 04:00:00,0,1,58.57,3
2026-04-30 05:00:00,1,1,53.67,3
2026-04-30 06:00:00,1,0,49.66,3
2026-04-30 07:00:00,1,0,45.92,3
2026-04-30 08:00:00,1,0,49.94,3
2026-04-30 09:00:00,1,0,43.64,4
2026-04-30 10:00:00,0,0,45.05,3
2026-04-30 11:00:00,0,0,49.62,3
2026-04-30 12:00:00,0,1,52.26,3
2026-04-30 13:00:00,1,1,50.92,2
2026-04-30 14:00:00,1,0,46.11,3
2026-04-30 15:00:00,0,0,43.98,2
2026-04-30 16:00:00,0,0,47.53,2
2026-04-30 17:00:00,1,0,48.35,3
2026-04-30 18:00:00,0,0,45.75,3
2026-04-30 19:00:00,0,0,46.13,3
2026-04-30 20:00:00,1,1,52.62,3
2026-04-30 21:00:00,0,0,45.8,52
2026-04-30 22:00:00,0,1,50.27,11
2026-04-30 23:00:00,0,1,51.3,4
2026-05-01 00:00:00,1,1,50.52,4
2026-05-01 01:00:00,1,0,47.77,3
2026-05-01 02:00:00,0,0,45.44,3
2026-05-01 03:00:00,0,0,48.59,3
2026-05-01 04:00:00,0,0,49.1,4
2026-05-01 05:00:00,1,1,51.76,4
2026-05-01 06:00:00,0,0,45.76,3
2026-05-01 07:00:00,1,0,48.26,3
2026-05-01 08:00:00,0,0,45.97,3
2026-05-01 09:00:00,1,0,49.14,3
2026-05-01 10:00:00,1,0,47.77,3
2026-05-01 11:00:00,1,0,45.3,3
2026-05-01 12:00:00,1,0,46.61,3
2026-05-01 13:00:00,1,0,46.64,3
2026-05-01 14:00:00,0,0,46.39,4
2026-05-01 15:00:00,0,0,49.82,3
2026-05-01 16:00:00,0,1,51.18,3
2026-05-01 17:00:00,0,1,51.33,3
2026-05-01 18:00:00,0,1,51.74,3
2026-05-01 19:00:00,0,1,51.33,3
2026-05-01 20:00:00,1,1,63.2,3
2026-05-03 21:00:00,0,0,45.06,45
2026-05-03 22:00:00,0,1,56.56,18
2026-05-03 23:00:00,1,1,52.97,5
2026-05-04 00:00:00,0,1,52.18,3
2026-05-04 01:00:00,1,1,52.08,3
2026-05-04 02:00:00,1,1,51.03,3
2026-05-04 03:00:00,0,0,46.52,3
2026-05-04 04:00:00,1,1,52.23,3
2026-05-04 05:00:00,0,0,48.62,3
2026-05-04 06:00:00,0,1,51.64,3
2026-05-04 07:00:00,1,1,53.61,3
2026-05-04 08:00:00,0,0,49.91,3
2026-05-04 09:00:00,0,1,51.98,3
2026-05-04 10:00:00,0,1,50.64,3
2026-05-04 11:00:00,1,1,50.18,3
2026-05-04 12:00:00,1,0,48.27,2
2026-05-04 13:00:00,0,0,48.03,2
2026-05-04 14:00:00,0,1,52.55,4
2026-05-04 15:00:00,0,1,51.7,2
2026-05-04 16:00:00,1,1,51.45,3
2026-05-04 17:00:00,1,0,47.32,4
2026-05-04 18:00:00,0,0,46.59,3
2026-05-04 19:00:00,0,0,49.07,3
2026-05-04 20:00:00,0,1,63.86,3
2026-05-04 21:00:00,1,1,62.69,28
2026-05-04 22:00:00,1,1,51.4,12
2026-05-04 23:00:00,0,0,49.24,7
2026-05-05 00:00:00,1,1,55.26,4
2026-05-05 01:00:00,1,1,51.23,3
2026-05-05 02:00:00,0,1,50.91,3
2026-05-05 03:00:00,0,1,55.4,4
2026-05-05 04:00:00,1,1,58.69,4
2026-05-05 05:00:00,1,1,50.01,3
2026-05-05 06:00:00,1,0,49.25,3
2026-05-05 07:00:00,0,0,49.75,3
2026-05-05 08:00:00,1,1,50.65,2
2026-05-05 09:00:00,0,0,48.04,3
2026-05-05 10:00:00,0,0,49.63,2
2026-05-05 11:00:00,1,0,49.58,2
2026-05-05 12:00:00,1,0,45.66,2
2026-05-05 13:00:00,1,0,47.59,2
2026-05-05 14:00:00,1,0,45.67,5
2026-05-05 15:00:00,0,0,46.22,3
2026-05-05 16:00:00,0,1,50.98,3
2026-05-05 17:00:00,1,1,50.37,2
2026-05-05 18:00:00,0,0,46.25,4
2026-05-05 19:00:00,0,0,49.37,2
2026-05-05 20:00:00,1,1,65.45,3
2026-05-05 21:00:00,1,1,52.85,36
2026-05-05 22:00:00,1,0,45.53,14
2026-05-05 23:00:00,1,0,46.31,5
2026-05-06 00:00:00,1,0,47.59,4
2026-05-06 01:00:00,0,0,48.16,3
2026-05-06 02:00:00,1,1,51.39,3
2026-05-06 03:00:00,1,0,46.14,3
2026-05-06 04:00:00,0,0,44.95,3
2026-05-06 05:00:00,1,1,51.4,3
2026-05-06 06:00:00,1,0,48.24,3
2026-05-06 07:00:00,1,0,47.74,3
2026-05-06 08:00:00,1,0,46.94,3
2026-05-06 09:00:00,1,0,45.12,3
2026-05-06 10:00:00,0,0,43.73,3
2026-05-06 11:00:00,0,1,51.61,3
2026-05-06 12:00:00,0,1,50.82,3
2026-05-06 13:00:00,1,1,50.97,3
2026-05-06 14:00:00,0,0,46.22,2
2026-05-06 15:00:00,0,0,48.54,2
2026-05-06 16:00:00,1,1,50.98,3
2026-05-06 17:00:00,1,0,48.89,3
2026-05-06 18:00:00,0,1,50.7,3
2026-05-06 19:00:00,0,1,51.12,3
2026-05-06 20:00:00,1,1,53.64,3
2026-05-06 21:00:00,1,0,46.35,54
2026-05-06 22:00:00,0,0,49.88,11
2026-05-06 23:00:00,1,1,50.16,6
2026-05-07 00:00:00,1,0,49.62,3
2026-05-07 01:00:00,0,0,48.71,3
2026-05-07 02:00:00,0,0,49.56,3
2026-05-07 03:00:00,1,1,50.24,3
2026-05-07 04:00:00,1,1,50.06,3
2026-05-07 05:00:00,0,0,48.4,3
2026-05-07 06:00:00,1,1,54.76,3
2026-05-07 07:00:00,1,0,48.56,3
2026-05-07 08:00:00,0,0,45.64,3
2026-05-07 09:00:00,0,0,47.02,3
2026-05-07 10:00:00,1,0,48.04,3
2026-05-07 11:00:00,1,0,47.76,2
2026-05-07 12:00:00,0,0,46.88,2
2026-05-07 13:00:00,1,0,48.83,2
2026-05-07 14:00:00,0,0,45.96,2
2026-05-07 15:00:00,0,0,49.12,2
2026-05-07 16:00:00,0,1,53.05,3
2026-05-07 17:00:00,1,1,52.25,3
2026-05-07 18:00:00,0,1,53.84,3
2026-05-07 19:00:00,0,1,50.72,3
2026-05-07 20:00:00,1,1,66.17,3
2026-05-07 21:00:00,0,1,58.16,38
2026-05-07 22:00:00,1,1,56.13,8
2026-05-07 23:00:00,0,1,52.85,7
2026-05-08 00:00:00,1,1,53.66,3
2026-05-08 01:00:00,0,1,50.47,3
2026-05-08 02:00:00,1,1,53.2,3
2026-05-08 03:00:00,1,0,49.42,3
2026-05-08 04:00:00,1,1,50.16,3
2026-05-08 05:00:00,1,1,50.08,3
2026-05-08 06:00:00,0,0,48.3,4
2026-05-08 07:00:00,1,1,51.05,3
2026-05-08 08:00:00,1,0,46.9,3
2026-05-08 09:00:00,0,0,45.45,3
2026-05-08 10:00:00,1,1,51.45,3
2026-05-08 11:00:00,1,0,45.33,3
2026-05-08 12:00:00,1,0,46.06,3
2026-05-08 13:00:00,0,0,45.97,3
2026-05-08 14:00:00,0,1,50.98,3
2026-05-08 15:00:00,0,0,48.9,3
2026-05-08 16:00:00,1,0,49.28,2
2026-05-08 17:00:00,1,0,46.57,2
2026-05-08 18:00:00,1,0,44.93,3
2026-05-08 19:00:00,1,0,40.81,3
2026-05-08 20:00:00,0,0,37.98,3
